CREATE DATABASE  IF NOT EXISTS `citation_management_db` /*!40100 DEFAULT CHARACTER SET utf8mb4 COLLATE utf8mb4_0900_ai_ci */ /*!80016 DEFAULT ENCRYPTION='N' */;
USE `citation_management_db`;
-- MySQL dump 10.13  Distrib 8.0.38, for Win64 (x86_64)
--
-- Host: 127.0.0.1    Database: citation_management_db
-- ------------------------------------------------------
-- Server version	8.0.39

/*!40101 SET @OLD_CHARACTER_SET_CLIENT=@@CHARACTER_SET_CLIENT */;
/*!40101 SET @OLD_CHARACTER_SET_RESULTS=@@CHARACTER_SET_RESULTS */;
/*!40101 SET @OLD_COLLATION_CONNECTION=@@COLLATION_CONNECTION */;
/*!50503 SET NAMES utf8 */;
/*!40103 SET @OLD_TIME_ZONE=@@TIME_ZONE */;
/*!40103 SET TIME_ZONE='+00:00' */;
/*!40014 SET @OLD_UNIQUE_CHECKS=@@UNIQUE_CHECKS, UNIQUE_CHECKS=0 */;
/*!40014 SET @OLD_FOREIGN_KEY_CHECKS=@@FOREIGN_KEY_CHECKS, FOREIGN_KEY_CHECKS=0 */;
/*!40101 SET @OLD_SQL_MODE=@@SQL_MODE, SQL_MODE='NO_AUTO_VALUE_ON_ZERO' */;
/*!40111 SET @OLD_SQL_NOTES=@@SQL_NOTES, SQL_NOTES=0 */;

--
-- Table structure for table `citations`
--

DROP TABLE IF EXISTS `citations`;
/*!40101 SET @saved_cs_client     = @@character_set_client */;
/*!50503 SET character_set_client = utf8mb4 */;
CREATE TABLE `citations` (
  `citation_id` int NOT NULL AUTO_INCREMENT,
  `notice_number` varchar(50) NOT NULL,
  `ticket_number` varchar(50) NOT NULL,
  `violation_id` int NOT NULL,
  `license_plate_id` int NOT NULL,
  `fine_level1_id` int NOT NULL,
  `fine_level2_id` int NOT NULL,
  `notice_level_id` int NOT NULL,
  `unit_id` int NOT NULL,
  `officer_id` int NOT NULL,
  PRIMARY KEY (`citation_id`,`violation_id`,`license_plate_id`,`fine_level1_id`,`fine_level2_id`,`notice_level_id`),
  KEY `fk_citations_violations1_idx` (`violation_id`),
  KEY `fk_citations_license_plates1_idx` (`license_plate_id`),
  KEY `fk_citations_fine_level_11_idx` (`fine_level1_id`),
  KEY `fk_citations_fine_level_21_idx` (`fine_level2_id`),
  KEY `fk_citations_notice_levels1_idx` (`notice_level_id`),
  KEY `fk_citations_units1_idx` (`unit_id`),
  KEY `fk_citations_officers1_idx` (`officer_id`),
  CONSTRAINT `fk_citations_fine_level_11` FOREIGN KEY (`fine_level1_id`) REFERENCES `fine_level_1` (`fine_level1_id`),
  CONSTRAINT `fk_citations_fine_level_21` FOREIGN KEY (`fine_level2_id`) REFERENCES `fine_level_2` (`fine_level2_id`),
  CONSTRAINT `fk_citations_license_plates1` FOREIGN KEY (`license_plate_id`) REFERENCES `license_plates` (`license_plate_id`),
  CONSTRAINT `fk_citations_notice_levels1` FOREIGN KEY (`notice_level_id`) REFERENCES `notice_levels` (`notice_level_id`),
  CONSTRAINT `fk_citations_officers1` FOREIGN KEY (`officer_id`) REFERENCES `officers` (`officer_id`),
  CONSTRAINT `fk_citations_units1` FOREIGN KEY (`unit_id`) REFERENCES `units` (`unit_id`),
  CONSTRAINT `fk_citations_violations1` FOREIGN KEY (`violation_id`) REFERENCES `violations` (`violation_id`)
) ENGINE=InnoDB AUTO_INCREMENT=1993 DEFAULT CHARSET=utf8mb4 COLLATE=utf8mb4_0900_ai_ci;
/*!40101 SET character_set_client = @saved_cs_client */;

--
-- Dumping data for table `citations`
--

LOCK TABLES `citations` WRITE;
/*!40000 ALTER TABLE `citations` DISABLE KEYS */;
INSERT INTO `citations` VALUES (1,'5201586250','7009321333',1,12,6,6,4,25,166),(2,'5234871820','7009321352',1,12,6,6,3,25,166),(3,'5228076530','72156572',5,12,6,6,5,1,56),(4,'5233269710','7009325236',1,12,6,6,3,25,166),(5,'5219674400','7009321372',1,12,6,6,4,25,166),(6,'5199289380','7009321329',1,12,6,6,4,25,166),(7,'5225329540','7009321376',1,12,6,6,1,25,166),(8,'5212146160','7009323424',1,12,6,6,5,25,166),(9,'5235227160','7009340321',1,12,6,6,3,25,166),(10,'5210709690','7009321419',1,12,6,6,3,25,166),(11,'5231657240','7009321728',1,12,6,6,3,25,166),(12,'5146642870','72156573',5,12,6,6,1,1,56),(13,'5182305720','7009321379',1,12,6,6,5,25,166),(14,'5234898530','7009323431',1,12,6,6,5,25,166),(15,'5234898570','7009323444',1,12,6,6,3,25,166),(16,'5232016660','71742149',8,12,7,8,5,15,12),(17,'5230434020','7009323426',1,12,6,6,4,25,166),(18,'0','71627237',7,16,7,8,6,20,52),(19,'5235085950','7009321410',1,12,6,6,3,25,166),(20,'5235022390','7009321378',1,12,6,6,5,25,166),(21,'5183885050','7009321744',1,12,6,6,5,25,166),(22,'5234863210','7009321363',1,12,6,6,3,25,166),(23,'5150213160','71746964',5,12,6,6,3,23,5),(24,'5232386800','72154451',19,12,5,5,4,1,65),(25,'5234871810','7009321339',1,12,6,6,4,25,166),(26,'5174922000','7009321351',1,12,6,6,1,25,166),(27,'5234871800','7009321334',1,12,6,6,5,25,166),(28,'5232703710','7009321405',1,12,6,6,4,25,166),(29,'0','71748856',5,9,6,6,6,23,2),(30,'5234915360','7009325238',1,12,6,6,3,25,166),(31,'5209732300','7009321738',1,12,6,6,3,25,166),(32,'5234958860','7009323433',1,12,6,6,3,25,166),(33,'5234871840','7009321373',1,16,6,6,1,25,166),(34,'5234957950','7009321365',1,12,6,6,3,25,166),(35,'5234884190','7009321737',1,12,6,6,3,25,166),(36,'5234898520','7009323423',1,12,6,6,3,25,166),(37,'5235458090','71748876',5,12,6,6,5,23,3),(38,'5234915350','7009325226',1,12,6,6,3,25,166),(39,'5234884180','7009321734',1,12,6,6,3,25,166),(40,'5234871880','7009321386',1,12,6,6,5,25,166),(41,'0','71635608',7,16,7,8,6,24,34),(42,'5235023400','7009322597',1,12,6,6,1,25,166),(43,'5189677050','7009321741',1,12,6,6,1,25,166),(44,'0','71885598',20,12,4,4,6,17,43),(45,'5152028500','7009323440',1,12,6,6,1,25,166),(46,'5217162760','7009321395',1,12,6,6,5,25,166),(47,'5233814350','71898326',16,12,7,8,3,3,128),(48,'5230974870','69006797',5,12,6,6,5,21,8),(49,'5196094240','7009321340',1,12,6,6,4,25,166),(50,'5234884170','7009321730',1,12,6,6,1,25,166),(51,'5230139990','7009321740',1,12,6,6,3,25,166),(52,'5230974870','69006798',15,12,8,7,5,21,8),(53,'5160603620','7009321399',1,12,6,6,1,25,166),(54,'5234872020','7009321456',1,12,6,6,5,25,166),(55,'5211659040','7009321470',1,12,6,6,3,25,166),(56,'5235477230','7009323437',1,12,6,6,1,25,166),(57,'5220787790','7009321499',1,12,6,6,5,25,166),(58,'5235166770','7009321471',1,12,6,6,3,25,166),(59,'5234871860','7009321381',1,12,6,6,1,25,166),(60,'5234884200','7009321739',1,12,6,6,3,25,166),(61,'5230825670','71379641',5,12,6,6,1,17,99),(62,'0','71748877',5,12,6,6,6,23,4),(63,'5235006810','7009321387',1,12,6,6,4,25,166),(64,'5222859390','7009323441',1,12,6,6,1,25,166),(65,'5224674040','71746965',5,12,6,6,3,23,5),(66,'5234871890','7009321389',1,12,6,6,1,25,166),(67,'5234532460','7009321349',1,12,6,6,4,25,166),(68,'5236006700','71526985',11,12,10,10,4,9,58),(69,'5233108820','7009321335',1,12,6,6,3,25,166),(70,'5225464380','7009321392',1,12,6,6,1,25,166),(71,'5233500990','7009323435',1,12,6,6,4,25,166),(72,'5218265500','7009323447',1,12,6,6,1,25,166),(73,'5231989130','7009321407',1,12,6,6,4,25,166),(74,'0','71793407',6,12,5,5,6,18,148),(75,'5188821900','7009323351',1,12,6,6,2,25,166),(76,'5230564790','7009321472',1,12,6,6,4,25,166),(77,'5234872030','7009321457',1,12,6,6,5,25,166),(78,'5234947470','71374497',5,12,6,6,3,17,101),(79,'5192969410','7009322711',1,12,6,6,3,25,166),(80,'5219312420','71748857',5,12,6,6,1,23,2),(81,'5235021100','71374498',5,12,6,6,3,17,101),(82,'5234884220','7009321743',1,12,6,6,3,25,166),(83,'5234871870','7009321382',1,12,6,6,3,25,166),(84,'5135584060','7009325230',1,12,6,6,3,25,166),(85,'5234948330','71793408',6,12,5,5,3,18,148),(86,'5232169510','72178770',21,12,4,4,1,24,160),(87,'5223485960','71374499',5,12,6,6,5,17,101),(88,'5234957970','7009321398',1,12,6,6,3,25,166),(89,'5211064160','71679485',7,12,7,8,5,24,53),(90,'5234872040','7009321465',1,12,6,6,5,25,166),(91,'5221060410','71374500',5,12,6,6,3,17,101),(92,'5234938210','71395908',7,12,7,8,3,7,133),(93,'5230734370','7009321745',1,12,6,6,4,25,166),(94,'5231430900','7009321369',1,12,6,6,5,25,166),(95,'5229398940','71885599',5,12,6,6,3,17,43),(96,'0','72154596',19,12,5,5,6,1,82),(97,'5235024410','7009323420',1,12,6,6,3,25,166),(98,'5234379900','7009321723',1,12,6,6,5,25,166),(99,'5234750090','71885600',5,12,6,6,5,17,43),(100,'0','71530808',15,12,8,7,6,19,134),(101,'5235046760','71886211',5,12,6,6,3,17,101),(102,'5214111520','71793409',6,12,5,5,5,18,148),(103,'5234918040','71480857',7,12,7,8,1,8,139),(104,'5017013420','7009321336',1,17,6,6,3,25,166),(105,'5234351520','71885558',5,12,6,6,3,17,123),(106,'5235388620','71899984',22,12,5,5,3,3,85),(107,'0','71885601',5,12,6,6,6,17,43),(108,'5233762220','71480856',12,12,4,4,5,8,139),(109,'5220763990','71748878',5,12,6,6,5,23,4),(110,'5197321790','71374522',3,12,9,9,5,17,37),(111,'5197321790','71886212',5,12,6,6,5,17,101),(112,'5229787000','7009321344',1,12,6,6,4,25,166),(113,'5234765940','71425436',3,12,9,9,5,6,119),(114,'0','71885602',5,12,6,6,6,17,43),(115,'5231387100','71910030',7,12,7,8,1,20,62),(116,'5205855910','7009321473',1,12,6,6,1,25,166),(117,'5233300950','71537535',21,16,4,4,4,19,151),(118,'5237449800','71540615',15,12,8,7,4,19,77),(119,'5234939800','72169711',16,12,7,8,5,14,159),(120,'5233993790','7009325224',1,12,6,6,4,25,166),(121,'5235049720','71949159',7,12,7,8,4,11,50),(122,'5231761810','71885603',5,12,6,6,3,17,43),(123,'5225239290','71909689',7,12,7,8,1,20,112),(124,'5201905710','7009323425',1,12,6,6,2,25,166),(125,'5234784040','71886213',5,12,6,6,1,17,101),(126,'5192491280','71885560',5,12,6,6,3,17,123),(127,'5230215100','7009321746',1,12,6,6,5,25,166),(128,'5218406350','7009321435',1,12,6,6,1,25,166),(129,'5231249470','7009321377',1,12,6,6,5,25,166),(130,'5234918050','71480858',7,12,7,8,3,8,139),(131,'5234939110','71793410',6,17,5,5,5,18,148),(132,'5234969990','71530809',5,12,6,6,4,19,134),(133,'5234616040','71886214',5,12,6,6,3,17,101),(134,'5219957270','7009325237',1,12,6,6,1,25,166),(135,'5234057070','7009321469',1,12,6,6,4,25,166),(136,'0','71885604',5,12,6,6,6,17,43),(137,'5237695390','71530810',5,12,6,6,4,19,134),(138,'5235085480','7009323421',1,12,6,6,3,25,166),(139,'5234969990','71530811',15,12,8,7,4,19,134),(140,'0','71885605',5,12,6,6,6,17,43),(141,'5235494120','71793411',6,12,5,5,3,18,148),(142,'0','71480859',12,12,4,4,6,8,139),(143,'5237699810','71537449',19,12,5,5,4,19,89),(144,'5219019710','7009322946',1,12,6,6,5,25,166),(145,'5235217340','71405808',19,14,5,5,1,3,147),(146,'5173164250','71885606',5,12,6,6,5,17,43),(147,'5220639680','71899621',19,12,5,5,3,3,31),(148,'5234880450','72180840',12,16,4,4,4,2,97),(149,'5234939120','71793412',6,12,5,5,1,18,148),(150,'5230227610','71530812',5,12,6,6,5,19,134),(151,'5233958860','7009321732',1,12,6,6,4,25,166),(152,'5223460600','7009321747',1,12,6,6,5,25,166),(153,'5234786360','71595166',10,12,6,6,5,2,109),(154,'0','71537450',7,12,7,8,6,19,89),(155,'5220023840','71746966',5,12,6,6,5,23,5),(156,'5231490570','7009321368',1,12,6,6,5,25,166),(157,'5022431450','7009321370',1,12,6,6,3,25,166),(158,'5234918340','71670982',5,12,6,6,3,24,40),(159,'0','71748858',5,12,6,6,6,23,2),(160,'5230413250','7009321415',1,12,6,6,4,25,166),(161,'5231985860','7009321466',1,12,6,6,4,25,166),(162,'5233236100','7009321422',1,12,6,6,1,25,166),(163,'5222609410','7009323439',1,13,6,6,5,25,166),(164,'5233240540','7009321458',1,12,6,6,4,25,166),(165,'5234145820','7009321454',1,12,6,6,4,25,166),(166,'5234761170','7009321432',1,12,6,6,4,25,166),(167,'5234871970','7009321423',1,12,6,6,5,25,166),(168,'5233252600','7009321442',1,12,6,6,4,25,166),(169,'0','71793413',6,12,5,5,6,18,148),(170,'5233434630','7009321445',1,12,6,6,1,25,166),(171,'5235446940','71748879',5,12,6,6,5,23,4),(172,'5234061050','72181129',16,12,7,8,4,2,54),(173,'0','71748880',5,12,6,6,6,23,4),(174,'5234872050','7009321476',1,12,6,6,5,25,166),(175,'5234223680','7009325223',1,12,6,6,3,25,166),(176,'5136224880','7009321485',1,12,6,6,5,25,166),(177,'5235998630','7009321498',1,12,6,6,3,25,166),(178,'5230140990','71793414',6,12,5,5,1,18,148),(179,'5227581270','7009321506',1,12,6,6,1,25,166),(180,'5235236260','71593719',16,12,7,8,3,2,129),(181,'5233450250','72181130',16,12,7,8,1,2,54),(182,'5232343710','72182261',7,12,7,8,3,2,127),(183,'5235210590','7009323451',1,12,6,6,3,25,166),(184,'5230911210','7009323442',1,12,6,6,4,25,166),(185,'5017159580','7009323448',1,12,6,6,3,25,166),(186,'5228919040','7009321494',1,12,6,6,3,25,166),(187,'5148274880','71748881',5,12,6,6,4,23,4),(188,'5148274880','71748882',21,12,4,4,4,23,4),(189,'5211222280','71793415',6,12,5,5,1,18,148),(190,'5234394760','72182262',15,12,8,7,5,2,7),(191,'5229536930','7009321733',1,12,6,6,1,25,166),(192,'5234872090','7009321513',1,12,6,6,4,25,166),(193,'5233802030','7009321495',1,12,6,6,3,25,166),(194,'5151486030','7009321502',1,12,6,6,3,25,166),(195,'5232364320','7009321441',1,12,6,6,1,25,166),(196,'5211222280','71793416',15,12,8,7,1,18,148),(197,'5222943390','7009321447',1,12,6,6,1,25,166),(198,'5229586240','7009321437',1,12,6,6,4,25,166),(199,'5136800270','7009321735',1,12,6,6,3,25,166),(200,'5229930400','7009321434',1,1,6,6,3,25,166),(201,'5213948910','71466732',21,12,4,4,1,18,102),(202,'5210671300','71885563',5,12,6,6,1,17,123),(203,'5209155910','71885607',5,12,6,6,1,17,43),(204,'5217015140','7009321443',1,12,6,6,1,25,166),(205,'5235822050','7009321449',1,12,6,6,4,25,166),(206,'5231139950','7009325234',1,12,6,6,5,25,166),(207,'0','71513507',7,12,7,8,6,2,146),(208,'5235046470','71885564',5,12,6,6,3,17,123),(209,'5224760190','72180462',19,12,5,5,3,2,140),(210,'5230762540','7009325227',1,12,6,6,3,25,166),(211,'5221352720','71885565',5,12,6,6,3,17,123),(212,'5234520610','7009321429',1,12,6,6,5,25,166),(213,'5235166760','7009321430',1,12,6,6,5,25,166),(214,'5233274010','7009325228',1,12,6,6,4,25,166),(215,'5213722280','71793417',6,12,5,5,5,18,148),(216,'5231852850','72182263',19,12,5,5,3,2,127),(217,'5234228970','71885566',5,12,6,6,1,17,123),(218,'5234898540','7009323434',1,12,6,6,3,25,166),(219,'5234871990','7009321440',1,12,6,6,3,25,166),(220,'5156316680','7009321438',1,12,6,6,3,25,166),(221,'5156313500','7009321452',1,12,6,6,4,25,166),(222,'5234339870','7009321450',1,12,6,6,3,25,166),(223,'5234871980','7009321424',1,12,6,6,5,25,166),(224,'5215612630','71793418',6,12,5,5,3,18,148),(225,'5233951130','71885609',5,16,6,6,4,17,43),(226,'5234900500','7009324444',1,12,6,6,5,25,166),(227,'5234357760','71885567',5,12,6,6,5,17,123),(228,'5234786350','7009321431',1,12,6,6,3,25,166),(229,'5223839110','71909690',7,12,7,8,4,20,112),(230,'5234774740','7009321436',1,12,6,6,3,25,166),(231,'0','71885610',5,12,6,6,6,17,43),(232,'5122006430','7009321474',1,12,6,6,2,25,166),(233,'5231221890','71885568',5,12,6,6,3,17,123),(234,'5222497480','7009321459',1,12,6,6,1,25,166),(235,'5235022400','7009321475',1,12,6,6,1,25,166),(236,'5214758660','7009321444',1,12,6,6,5,25,166),(237,'5177156480','71909232',19,12,5,5,4,20,87),(238,'5235166790','7009321500',1,12,6,6,3,25,166),(239,'5224778700','7009335559',1,12,6,6,4,25,166),(240,'5232296790','7009321748',1,12,6,6,3,25,166),(241,'5223292740','72182264',7,12,7,8,3,2,127),(242,'5117497000','71885569',5,12,6,6,1,17,123),(243,'5211574780','7009321439',1,12,6,6,5,25,166),(244,'5234872010','7009321455',1,12,6,6,1,25,166),(245,'5234938350','71471745',7,17,7,8,3,18,70),(246,'5231282750','71793419',6,12,5,5,3,18,148),(247,'5233933700','7009321736',1,12,6,6,3,25,166),(248,'5233098800','7009321460',1,12,6,6,1,25,166),(249,'5230282940','7009323445',1,5,6,6,4,25,166),(250,'5178378680','7009321467',1,12,6,6,5,25,166),(251,'5234885910','7009322712',1,12,6,6,1,25,166),(252,'5233635190','7009321448',1,12,6,6,3,25,166),(253,'5063702170','7009321453',1,12,6,6,1,25,166),(254,'5226244080','7009321468',1,12,6,6,5,25,166),(255,'5213393230','71629645',16,12,7,8,5,20,30),(256,'5234898560','7009323438',1,15,6,6,3,25,166),(257,'5227569790','7009323432',1,12,6,6,5,25,166),(258,'5229933180','71495494',16,12,7,8,3,11,33),(259,'5234720560','7009321421',1,12,6,6,1,25,166),(260,'5233245000','7009323428',1,16,6,6,4,25,166),(261,'5234957980','7009321433',1,12,6,6,3,25,166),(262,'5231021420','7009321426',1,12,6,6,3,25,166),(263,'5234886900','7009323352',1,12,6,6,3,25,166),(264,'5234884210','7009321742',1,12,6,6,5,25,166),(265,'5220193070','7009321446',1,12,6,6,3,25,166),(266,'5235185590','72169771',7,12,7,8,3,14,145),(267,'5231407920','71513199',5,12,6,6,5,3,144),(268,'5220693600','7009321428',1,13,6,6,3,25,166),(269,'5226515300','7009321427',1,12,6,6,1,25,166),(270,'5183740830','7009321731',1,12,6,6,2,25,166),(271,'5234657440','71899622',6,12,5,5,3,3,32),(272,'5223604790','71513200',5,12,6,6,4,3,144),(273,'0','72171926',19,12,5,5,6,14,153),(274,'5071119250','71405809',6,12,5,5,3,3,147),(275,'5228433240','7009321501',1,12,6,6,3,25,166),(276,'5235166780','7009321489',1,12,6,6,3,25,166),(277,'5230576610','71899623',6,12,5,5,4,3,31),(278,'0','71513202',19,12,5,5,6,3,144),(279,'5234958850','7009323422',1,12,6,6,3,25,166),(280,'5232228890','7009321492',1,12,6,6,5,25,166),(281,'5233573050','7009321486',1,12,6,6,5,25,166),(282,'5191823180','71445060',7,12,7,8,3,16,164),(283,'5171358400','71795441',7,12,7,8,3,15,142),(284,'5171358400','71795440',21,12,4,4,3,15,142),(285,'5234958300','71899624',6,12,5,5,4,3,31),(286,'5231240300','71405810',6,12,5,5,3,3,147),(287,'5235217560','71513203',15,12,8,7,3,3,144),(288,'5225428670','71405811',6,12,5,5,3,3,147),(289,'5222273640','7009321477',1,12,6,6,3,25,166),(290,'5234884160','7009321729',1,12,6,6,3,25,166),(291,'5234938530','71521474',21,12,4,4,3,9,84),(292,'5227338990','7009325231',1,12,6,6,2,25,166),(293,'5233467950','7009323436',1,12,6,6,4,25,166),(294,'5223659530','7009321555',1,12,6,6,5,25,166),(295,'5232487180','71748859',5,12,6,6,5,23,2),(296,'5234915340','7009325225',1,12,6,6,3,25,166),(297,'5234804390','7009321461',1,12,6,6,2,25,166),(298,'5234957990','7009321451',1,12,6,6,5,25,166),(299,'0','71899625',21,12,4,4,6,3,31),(300,'5234958080','7009321720',1,12,6,6,3,25,166),(301,'5117389930','7009321483',1,12,6,6,3,25,166),(302,'0','71899626',12,12,4,4,6,3,31),(303,'5235217570','71513204',19,12,5,5,4,3,144),(304,'5234097790','71379642',5,12,6,6,3,17,99),(305,'5234769990','7009321490',1,12,6,6,5,25,166),(306,'5155167540','71748860',5,12,6,6,4,23,2),(307,'0','71899627',15,12,8,7,6,3,31),(308,'5183248240','7009321503',1,12,6,6,3,25,166),(309,'5231837790','71909691',7,12,7,8,3,20,112),(310,'5228465990','7009321721',1,12,6,6,3,25,166),(311,'5224508970','71748861',5,12,6,6,1,23,2),(312,'5208430720','7009321496',1,17,6,6,1,25,166),(313,'5233162080','72181131',16,12,7,8,3,2,54),(314,'5214898250','7009321509',1,12,6,6,3,25,166),(315,'5210988590','7009321487',1,12,6,6,1,25,166),(316,'5229791050','7009325235',1,12,6,6,1,25,166),(317,'5234872060','7009321491',1,16,6,6,1,25,166),(318,'5202322960','7009322476',1,12,6,6,5,25,166),(319,'5209786800','7009321512',1,12,6,6,3,25,166),(320,'5234947740','7009321493',1,12,6,6,3,25,166),(321,'5231263610','7009321504',1,12,6,6,5,25,166),(322,'5233500880','71748884',5,12,6,6,4,23,4),(323,'5202677910','7009321482',1,12,6,6,4,25,166),(324,'5234504760','7009321478',1,12,6,6,1,25,166),(325,'0','71882086',12,12,4,4,6,21,74),(326,'0','71748862',5,12,6,6,6,23,2),(327,'5235845200','7009323443',1,16,6,6,2,25,166),(328,'5204337580','7009321479',1,13,6,6,3,25,166),(329,'5021536470','7009323430',1,12,6,6,4,25,166),(330,'5204225570','7009321488',1,12,6,6,1,25,166),(331,'5234884140','7009321726',1,12,6,6,1,25,166),(332,'5233592360','7009323427',1,12,6,6,1,25,166),(333,'5234872290','7009321647',1,10,6,6,5,25,166),(334,'5225624770','7009325229',1,12,6,6,4,25,166),(335,'5234369600','7009321484',1,12,6,6,4,25,166),(336,'5218634400','7009321480',1,12,6,6,1,25,166),(337,'5231366040','71885570',5,12,6,6,3,17,123),(338,'5234915330','7009325222',1,12,6,6,1,25,166),(339,'5234872070','7009321508',1,12,6,6,3,25,166),(340,'5234884150','7009321727',1,12,6,6,3,25,166),(341,'5132392300','7009325233',1,12,6,6,4,25,166),(342,'5197954250','7009323446',1,12,6,6,1,25,166),(343,'5232929680','7009321507',1,12,6,6,3,25,166),(344,'5234266500','71885571',5,12,6,6,1,17,123),(345,'5234872170','7009321556',1,12,6,6,3,25,166),(346,'5225108090','7009321497',1,12,6,6,1,25,166),(347,'5232996030','7009321552',1,12,6,6,4,25,166),(348,'5225200950','7009321481',1,17,6,6,3,25,166),(349,'5231119100','71604564',7,12,7,8,1,10,36),(350,'5221187650','7009321722',1,12,6,6,5,25,166),(351,'5188821900','7009323354',1,12,6,6,2,25,166),(352,'5157690640','7009321510',1,12,6,6,1,25,166),(353,'5233478390','7009321550',1,12,6,6,5,25,166),(354,'5234872150','7009321541',1,12,6,6,3,25,166),(355,'5219849880','7009321529',1,12,6,6,3,25,166),(356,'5233350390','71611457',8,12,7,8,1,8,143),(357,'5188157450','7009321557',1,12,6,6,5,25,166),(358,'0','71748885',5,12,6,6,6,23,3),(359,'5234213180','7009325248',1,12,6,6,3,25,166),(360,'5230789290','7009321760',1,12,6,6,4,25,166),(361,'5163358660','7009321761',1,12,6,6,4,25,166),(362,'5232154390','7009321538',1,12,6,6,4,25,166),(363,'5230316160','7009321561',1,12,6,6,1,25,166),(364,'5232441360','7009321517',1,12,6,6,4,25,166),(365,'5234958880','7009323457',1,12,6,6,3,25,166),(366,'5232475630','7009325242',1,12,6,6,3,25,166),(367,'5231668100','7009321528',1,12,6,6,3,25,166),(368,'5237970210','7009322716',1,17,6,6,4,25,166),(369,'5234081050','7009325239',1,12,6,6,3,25,166),(370,'5231462620','7009321522',1,12,6,6,1,25,166),(371,'5233421200','7009321558',1,12,6,6,3,25,166),(372,'5234133190','7009321559',1,12,6,6,3,25,166),(373,'0','71356078',21,12,4,4,6,21,90),(374,'5232909190','71611458',8,12,7,8,4,8,143),(375,'0','71356077',16,12,7,8,6,21,90),(376,'5218476270','7009321762',1,12,6,6,5,25,166),(377,'5235167790','7009323458',1,13,6,6,3,25,166),(378,'5238760130','7009323475',1,12,6,6,4,25,166),(379,'5218924620','7009321551',1,12,6,6,1,25,166),(380,'0','71748863',5,12,6,6,6,23,2),(381,'0','71550993',16,12,7,8,6,13,17),(382,'5233058780','7009321749',1,16,6,6,3,25,166),(383,'5067664960','7009321539',1,12,6,6,4,25,166),(384,'5230238210','7009321543',1,12,6,6,1,25,166),(385,'5235022410','71512016',7,12,7,8,5,12,141),(386,'5228063380','71748886',5,12,6,6,3,23,3),(387,'5215530010','71884001',14,12,4,4,3,21,117),(388,'5215530010','71884002',15,12,8,7,1,21,117),(389,'5234872200','7009321575',1,12,6,6,3,25,166),(390,'5234207750','7009321623',1,12,6,6,4,25,166),(391,'5229584870','7009321755',1,12,6,6,4,25,166),(392,'5233938410','7009325241',1,12,6,6,3,25,166),(393,'5232409370','7009321540',1,12,6,6,5,25,166),(394,'5152845500','7009323353',1,12,6,6,3,25,166),(395,'5233424060','7009321767',1,15,6,6,3,25,166),(396,'5234872160','7009321549',1,12,6,6,3,25,166),(397,'5230889690','7009321514',1,12,6,6,3,25,166),(398,'5224644400','7009321530',1,12,6,6,1,25,166),(399,'5140495660','7009321562',1,12,6,6,3,25,166),(400,'5224439070','7009322598',1,12,6,6,3,25,166),(401,'5234872120','7009321535',1,12,6,6,3,25,166),(402,'5230075060','7009321570',1,12,6,6,3,25,166),(403,'5231500150','7009321624',1,12,6,6,3,25,166),(404,'5234651170','7009322947',1,12,6,6,5,25,166),(405,'5234789190','7009325244',1,12,6,6,2,25,166),(406,'5234887020','71362221',16,12,7,8,5,21,29),(407,'5190851820','7009321758',1,12,6,6,3,25,166),(408,'5149927890','7009321547',1,12,6,6,4,25,166),(409,'5230766410','7009321563',1,12,6,6,3,25,166),(410,'5234072670','7009323470',1,12,6,6,4,25,166),(411,'5231812070','7009321764',1,12,6,6,1,25,166),(412,'5225474930','7009321564',1,12,6,6,1,25,166),(413,'5170642280','7009325240',1,12,6,6,1,25,166),(414,'0','71604565',7,12,7,8,6,10,36),(415,'5235493440','7009325245',1,12,6,6,4,25,166),(416,'5231864540','7009321568',1,12,6,6,4,25,166),(417,'5138029810','7009321532',1,12,6,6,3,25,166),(418,'5234958000','7009321526',1,12,6,6,3,25,166),(419,'5234478240','7009325243',1,12,6,6,3,25,166),(420,'5235284790','7009322847',1,12,6,6,5,25,166),(421,'5207260800','7009321577',1,12,6,6,1,25,166),(422,'5233032390','7009321751',1,12,6,6,4,25,166),(423,'5234872130','7009321536',1,12,6,6,5,25,166),(424,'5197652540','7009321641',1,12,6,6,4,25,166),(425,'5231575430','71748887',5,12,6,6,3,23,4),(426,'5233130190','7009321756',1,12,6,6,4,25,166),(427,'5111124910','7009321752',1,12,6,6,1,25,166),(428,'5235166800','7009321515',1,12,6,6,5,25,166),(429,'5199027490','70705463',8,12,7,8,1,19,121),(430,'0','71896537',7,12,7,8,6,3,26),(431,'5237019230','7009321531',1,12,6,6,4,25,166),(432,'5138721400','71623407',7,12,7,8,6,8,6),(433,'5232945660','7009321573',1,12,6,6,1,25,166),(434,'5228618990','7009321527',1,12,6,6,2,25,166),(435,'5193654050','7009321642',1,12,6,6,3,25,166),(436,'5235074370','71949160',7,16,7,8,3,11,50),(437,'5209977300','7009321548',1,12,6,6,5,25,166),(438,'5194769040','7009323355',1,12,6,6,1,25,166),(439,'5210447460','71748864',5,12,6,6,1,23,2),(440,'5214636240','7009322477',1,12,6,6,3,25,166),(441,'5235023430','7009322846',1,12,6,6,1,25,166),(442,'5234638670','7009323465',1,12,6,6,4,25,166),(443,'5231328630','7009321560',1,12,6,6,3,25,166),(444,'5234358780','7009323462',1,12,6,6,4,25,166),(445,'5138721400','7009321569',1,12,6,6,5,25,166),(446,'5234958030','7009321622',1,12,6,6,5,25,166),(447,'5228319390','7009321544',1,12,6,6,3,25,166),(448,'5234720230','7009325249',1,12,6,6,5,25,166),(449,'5222464190','7009325246',1,12,6,6,5,25,166),(450,'5229368050','7009321648',1,12,6,6,1,25,166),(451,'5234492340','7009321757',1,12,6,6,4,25,166),(452,'5221482190','7009321523',1,12,6,6,2,25,166),(453,'5222464190','7009321574',1,12,6,6,5,25,166),(454,'5236130200','7009322715',1,12,6,6,3,25,166),(455,'5235167150','7009321768',1,12,6,6,3,25,166),(456,'5234410890','7009322714',1,12,6,6,3,25,166),(457,'5196071740','7009321525',1,12,6,6,3,25,166),(458,'5234898600','7009323468',1,12,6,6,4,25,166),(459,'5220599140','7009321553',1,12,6,6,1,25,166),(460,'5234394200','7009321545',1,12,6,6,4,25,166),(461,'5234872280','7009321643',1,12,6,6,3,25,166),(462,'5230148290','7009321572',1,12,6,6,4,25,166),(463,'5224869070','7009321571',1,12,6,6,4,25,166),(464,'5216988350','7009321576',1,12,6,6,3,25,166),(465,'5234872140','7009321537',1,12,6,6,3,25,166),(466,'5216372920','7009323456',1,12,6,6,5,25,166),(467,'5230292310','7009321765',1,12,6,6,1,25,166),(468,'5231500150','7009321759',1,12,6,6,3,25,166),(469,'5216066990','7009321753',1,12,6,6,2,25,166),(470,'5232631380','7009323460',1,12,6,6,4,25,166),(471,'5234458190','7009321769',1,12,6,6,2,25,166),(472,'5194024100','7009321644',1,12,6,6,4,25,166),(473,'5233667010','7009321519',1,12,6,6,2,25,166),(474,'5232008620','71795654',19,17,5,5,4,15,126),(475,'5224955880','7009322717',1,12,6,6,3,25,166),(476,'5230602530','7009321520',1,12,6,6,4,25,166),(477,'5237447640','7009323467',1,12,6,6,4,25,166),(478,'5234358780','7009323463',1,12,6,6,4,25,166),(479,'5234898580','7009323449',1,12,6,6,4,25,166),(480,'5229243960','7009321542',1,12,6,6,1,25,166),(481,'5230874920','71748888',5,12,6,6,3,23,3),(482,'5234898590','7009323461',1,12,6,6,3,25,166),(483,'5234884230','7009321750',1,12,6,6,3,25,166),(484,'0','72169773',8,12,7,8,6,14,145),(485,'5196245570','7009323454',1,12,6,6,1,25,166),(486,'5235006590','7009322948',1,12,6,6,3,25,166),(487,'5234884240','7009321763',1,12,6,6,5,25,166),(488,'5229173960','7009321546',1,12,6,6,5,25,166),(489,'5234872080','7009321511',1,12,6,6,5,25,166),(490,'5199690210','7009321524',1,12,6,6,4,25,166),(491,'5173079560','71509007',21,12,4,4,4,12,38),(492,'5173079560','71509006',3,12,9,9,4,12,38),(493,'5221022490','7009325247',1,12,6,6,1,25,166),(494,'5221022490','7009323472',1,12,6,6,1,25,166),(495,'5237447640','7009321567',1,12,6,6,4,25,166),(496,'5234880380','7009323469',1,16,6,6,3,25,166),(497,'5231302740','7009321754',1,12,6,6,3,25,166),(498,'5230207080','7009323474',1,12,6,6,1,25,166),(499,'5232623010','7009323464',1,12,6,6,4,25,166),(500,'5232964180','7009321533',1,12,6,6,5,25,166),(501,'5234872110','7009321534',1,12,6,6,1,25,166),(502,'5227984260','7009321516',1,12,6,6,3,25,166),(503,'5224773000','7009321554',1,12,6,6,4,25,166),(504,'0','71556061',8,12,7,8,6,4,57),(505,'5234540780','7009322845',1,16,6,6,4,25,166),(506,'5233492850','7009323459',1,16,6,6,4,25,166),(507,'5231553400','7009321766',1,12,6,6,1,25,166),(508,'5075071110','7009323466',1,12,6,6,4,25,166),(509,'5179129770','7009321566',1,12,6,6,5,25,166),(510,'5234872100','7009321521',1,12,6,6,3,25,166),(511,'5234958870','7009323452',1,12,6,6,1,25,166),(512,'5225162860','7009322713',1,12,6,6,1,25,166),(513,'5230525310','6048484463',25,12,6,6,3,26,167),(514,'5202109100','6048484464',25,12,6,6,1,26,167),(515,'5235101410','6048484465',23,12,1,1,6,26,167),(516,'5216695290','6048484466',23,12,1,1,6,26,167),(517,'5234872180','7009321565',1,12,6,6,5,25,166),(518,'5234908030','6048484470',23,12,1,1,6,26,167),(519,'5234953270','6048484467',23,12,1,1,6,26,167),(520,'5228612820','7009321578',1,12,6,6,3,25,166),(521,'5164691470','6048484468',25,12,6,6,5,26,167),(522,'5222296150','6048484469',24,12,3,3,4,26,167),(523,'5234908040','6048484474',23,12,1,1,6,26,167),(524,'5173818200','6048484473',25,12,6,6,4,26,167),(525,'5190881170','6048484471',25,12,6,6,3,26,167),(526,'5233010990','6048484472',25,12,6,6,2,26,167),(527,'5204657920','6048484476',24,12,3,3,5,26,167),(528,'5055226290','6048484475',23,12,1,1,6,26,167),(529,'0','71546686',18,12,6,6,6,13,15),(530,'5231296010','6048484478',25,12,6,6,5,26,167),(531,'5238485740','6048484477',25,12,6,6,4,26,167),(532,'5224229720','6048484481',25,12,6,6,3,26,167),(533,'5235005240','6048484483',25,12,6,6,3,26,167),(534,'5238761210','6048484479',25,12,6,6,4,26,167),(535,'5124619970','6048484480',25,12,6,6,4,26,167),(536,'5234953280','6048484484',23,12,1,1,6,26,167),(537,'5238485740','6048484488',25,12,6,6,4,26,167),(538,'5234074220','6048484485',23,12,1,1,6,26,167),(539,'5230424320','7009321627',1,12,6,6,5,25,166),(540,'5014288480','6048484486',25,12,6,6,3,26,167),(541,'5233278200','6048484487',25,12,6,6,4,26,167),(542,'5204822620','6048484489',25,12,6,6,5,26,167),(543,'5232413480','6048484490',25,12,6,6,4,26,167),(544,'5049301850','6048484493',25,12,6,6,3,26,167),(545,'5232688950','6048484492',25,12,6,6,4,26,167),(546,'5230536090','6048484494',24,12,3,3,3,26,167),(547,'5101674900','6048484496',25,12,6,6,4,26,167),(548,'5234858860','6048484497',25,12,6,6,4,26,167),(549,'5231809790','7009323471',1,12,6,6,4,25,166),(550,'5201309470','7009321626',1,12,6,6,3,25,166),(551,'5219131400','6048484499',24,12,3,3,3,26,167),(552,'5225399930','6048484500',25,12,6,6,5,26,167),(553,'5204817030','6048484498',23,12,1,1,6,26,167),(554,'5233775650','7009321628',1,12,6,6,4,25,166),(555,'5237957190','7009338159',1,12,6,6,4,25,166),(556,'5231156690','6048484502',25,12,6,6,3,26,167),(557,'5231419240','6048484501',25,12,6,6,1,26,167),(558,'5234958890','7009323486',1,12,6,6,3,25,166),(559,'5231642540','6048484503',25,12,6,6,1,26,167),(560,'5135584060','6048484504',23,12,1,1,6,26,167),(561,'5234908050','6048484505',23,12,1,1,6,26,167),(562,'5234870940','7009325264',1,12,6,6,5,25,166),(563,'5208448570','6048484508',24,12,3,3,5,26,167),(564,'5044442070','6048484506',25,12,6,6,5,26,167),(565,'5233071630','6048484507',23,12,1,1,6,26,167),(566,'0','71779072',16,12,7,8,6,8,162),(567,'5209895650','6048484510',25,12,6,6,5,26,167),(568,'5234783290','6048484511',25,12,6,6,1,26,167),(569,'5234953290','6048484509',23,12,1,1,6,26,167),(570,'5234394810','7009321631',1,12,6,6,3,25,166),(571,'5234872340','7009321690',1,12,6,6,3,25,166),(572,'5216181280','71779071',16,12,7,8,1,8,162),(573,'5235813830','7009321691',1,12,6,6,3,25,166),(574,'5230626090','71779070',16,12,7,8,3,8,162),(575,'5231762790','7009321676',1,12,6,6,3,25,166),(576,'5115381130','6048484515',25,17,6,6,1,26,167),(577,'5231952370','6048484514',23,12,1,1,6,26,167),(578,'5232428890','6048484513',23,12,1,1,6,26,167),(579,'5231762790','6048484512',23,12,1,1,6,26,167),(580,'5127225400','6048484516',23,12,1,1,6,26,167),(581,'5234958010','7009321609',1,12,6,6,3,25,166),(582,'5227557460','6048484518',25,12,6,6,3,26,167),(583,'5234908060','6048484519',23,12,1,1,6,26,167),(584,'5234898190','6048484517',23,12,1,1,6,26,167),(585,'5233060270','6048484521',23,12,1,1,6,26,167),(586,'5213518720','6048484524',25,12,6,6,1,26,167),(587,'5234908070','6048484522',23,12,1,1,6,26,167),(588,'5234953300','6048484523',23,12,1,1,6,26,167),(589,'5216210480','6048484525',25,12,6,6,4,26,167),(590,'5233913700','6048484526',23,12,1,1,6,26,167),(591,'5222609410','6048484528',23,12,1,1,6,26,167),(592,'5235206000','6048484529',25,12,6,6,5,26,167),(593,'5230225400','6048484527',25,12,6,6,3,26,167),(594,'5207378150','7009325257',1,12,6,6,3,25,166),(595,'5233336710','7009323484',1,12,6,6,5,25,166),(596,'5235621810','6048484532',23,12,1,1,6,26,167),(597,'5230828760','6048484531',24,12,3,3,1,26,167),(598,'5202655680','6048484535',25,12,6,6,1,26,167),(599,'5156020010','6048484534',24,12,3,3,4,26,167),(600,'5188410350','7009321586',1,12,6,6,3,25,166),(601,'5234908080','6048484533',23,12,1,1,6,26,167),(602,'5086665700','6048484537',25,12,6,6,3,26,167),(603,'5207422780','6048484536',25,12,6,6,5,26,167),(604,'5234908090','6048484538',23,12,1,1,6,26,167),(605,'5234885730','7009322599',1,17,6,6,1,25,166),(606,'5234872250','7009321610',1,17,6,6,1,25,166),(607,'5234908100','6048485836',23,12,1,1,6,26,167),(608,'5234884270','7009321775',1,12,6,6,4,25,166),(609,'5229130540','7009321791',1,12,6,6,4,25,166),(610,'5234884270','6048484539',23,12,1,1,6,26,167),(611,'5235025070','6048484540',23,17,1,1,6,26,167),(612,'5188028720','6048484541',25,12,6,6,4,26,167),(613,'5234908110','6048484543',23,12,1,1,6,26,167),(614,'5216145010','6048484546',25,12,6,6,3,26,167),(615,'5234858860','6048484547',25,12,6,6,4,26,167),(616,'5195745440','6048484545',24,12,3,3,3,26,167),(617,'5235025080','6048484544',23,12,1,1,6,26,167),(618,'5234908120','6048484548',23,12,1,1,6,26,167),(619,'5232948860','7009325256',1,12,6,6,4,25,166),(620,'5219373640','7009321798',1,12,6,6,4,25,166),(621,'5234953310','6048484549',23,12,1,1,6,26,167),(622,'5234908130','6048484553',23,12,1,1,6,26,167),(623,'5234884270','6048484552',25,12,6,6,4,26,167),(624,'5232969180','6048484551',23,12,1,1,6,26,167),(625,'5234898640','7009323496',1,12,6,6,3,25,166),(626,'5216515920','7009321591',1,12,6,6,5,25,166),(627,'5234599950','6048484554',25,12,6,6,1,26,167),(628,'5213195670','6048484555',25,12,6,6,1,26,167),(629,'5215535930','7009321598',1,12,6,6,5,25,166),(630,'5228109580','6048484556',24,12,3,3,3,26,167),(631,'5234908140','6048484557',25,12,6,6,3,26,167),(632,'5229910770','7009321784',1,12,6,6,4,25,166),(633,'5235623490','7009322848',1,12,6,6,3,25,166),(634,'5180046420','6048484558',24,12,3,3,3,26,167),(635,'5231724190','71739731',6,12,5,5,4,15,49),(636,'5225431870','6048484559',23,12,1,1,6,26,167),(637,'5204172660','7009321583',1,12,6,6,4,25,166),(638,'5234884250','7009321771',1,12,6,6,4,25,166),(639,'5223889670','7009321636',1,12,6,6,3,25,166),(640,'5160349420','6048484562',25,12,6,6,2,26,167),(641,'5146575540','6048484560',25,12,6,6,3,26,167),(642,'5117776110','6048484561',25,12,6,6,3,26,167),(643,'5224785600','7009323482',1,12,6,6,1,25,166),(644,'5234908150','6048484563',23,12,1,1,6,26,167),(645,'5234908160','6048484564',23,12,1,1,6,26,167),(646,'5179921850','6048484566',25,12,6,6,3,26,167),(647,'5229762780','7009325265',1,12,6,6,1,25,166),(648,'5234953320','6048484565',23,12,1,1,6,26,167),(649,'5235154000','6048484568',25,12,6,6,2,26,167),(650,'5223665150','7009321634',1,12,6,6,5,25,166),(651,'5219280630','6048484567',25,12,6,6,5,26,167),(652,'5214968270','7009321611',1,12,6,6,1,25,166),(653,'5232240390','6048484569',24,12,3,3,3,26,167),(654,'5235845990','6048484572',24,12,3,3,3,26,167),(655,'5234555460','6048484570',23,12,1,1,6,26,167),(656,'5162209790','7009321587',1,12,6,6,1,25,166),(657,'5213558200','6048484573',25,12,6,6,3,26,167),(658,'5234908170','6048484571',23,12,1,1,6,26,167),(659,'5235199190','7009321782',1,12,6,6,3,25,166),(660,'5169422380','6048484574',25,12,6,6,2,26,167),(661,'5187775890','6048484575',25,12,6,6,2,26,167),(662,'5021248820','6048484576',25,12,6,6,5,26,167),(663,'5214504380','7009321620',1,12,6,6,2,25,166),(664,'5231414300','6048484579',25,12,6,6,5,26,167),(665,'5199428380','6048484578',25,12,6,6,3,26,167),(666,'5234047690','7009321779',1,12,6,6,5,25,166),(667,'5215828120','6048484577',25,12,6,6,3,26,167),(668,'5228013780','6048484580',24,12,3,3,5,26,167),(669,'5232092600','6048484581',25,12,6,6,2,26,167),(670,'5173654790','6048484582',23,12,1,1,6,26,167),(671,'5231706950','6048484584',23,12,1,1,6,26,167),(672,'5233975150','6048484583',23,12,1,1,6,26,167),(673,'5233615110','6048484587',25,12,6,6,4,26,167),(674,'5214309740','6048484586',25,12,6,6,4,26,167),(675,'5224571290','7009321608',1,12,6,6,3,25,166),(676,'5187794580','6048484589',25,12,6,6,4,26,167),(677,'5209436400','6048484588',25,12,6,6,5,26,167),(678,'5232474550','7009321646',1,12,6,6,4,25,166),(679,'5234908180','6048484590',23,12,1,1,6,26,167),(680,'5231901320','6048484592',23,12,1,1,6,26,167),(681,'5226652770','6048484591',23,12,1,1,6,26,167),(682,'5234908180','6048484593',25,12,6,6,3,26,167),(683,'5231406390','6048484594',23,12,1,1,6,26,167),(684,'5120273290','7009321604',1,12,6,6,3,25,166),(685,'5234871960','6048484595',23,12,1,1,6,26,167),(686,'5234872240','7009321602',1,12,6,6,5,25,166),(687,'5230075060','6048484598',23,12,1,1,6,26,167),(688,'5205315420','6048484596',25,12,6,6,3,26,167),(689,'5228259090','6048484597',23,12,1,1,6,26,167),(690,'5228909790','71727909',7,12,7,8,4,18,108),(691,'5228909790','71727910',21,12,4,4,4,18,108),(692,'5214827670','6048484599',23,12,1,1,6,26,167),(693,'5208506250','6048484601',25,12,6,6,1,26,167),(694,'5222149050','6048484602',25,12,6,6,5,26,167),(695,'5222740030','6048484600',25,12,6,6,4,26,167),(696,'5226348910','6048484603',25,12,6,6,5,26,167),(697,'5228208560','6048484604',25,7,6,6,5,26,167),(698,'5234915600','7009325363',1,12,6,6,3,25,166),(699,'5223906860','6048484605',25,12,6,6,3,26,167),(700,'0','71727911',7,12,7,8,6,18,108),(701,'5235168540','71820020',12,12,4,4,5,22,92),(702,'5200647050','71749354',4,12,6,6,3,23,1),(703,'5232492460','6048484608',23,16,1,1,6,26,167),(704,'5231502680','6048484606',25,12,6,6,3,26,167),(705,'5231358250','6048484607',25,12,6,6,1,26,167),(706,'5232718610','7009321597',1,12,6,6,3,25,166),(707,'5230026980','6048484609',23,12,1,1,6,26,167),(708,'5234908190','6048484610',23,3,1,1,6,26,167),(709,'5208325700','71914378',19,12,5,5,5,10,130),(710,'5220746990','6048484612',25,12,6,6,5,26,167),(711,'5234908160','6048484611',25,12,6,6,3,26,167),(712,'0','71727912',7,16,7,8,6,18,108),(713,'5234878480','6048484655',25,12,6,6,1,26,167),(714,'5230802830','7009325254',1,12,6,6,5,25,166),(715,'5196466620','6048484613',25,12,6,6,3,26,167),(716,'5227131010','7009321592',1,12,6,6,3,25,166),(717,'5234872260','7009321612',1,12,6,6,5,25,166),(718,'5092852570','7009321584',1,12,6,6,3,25,166),(719,'5233056440','71727913',7,12,7,8,5,18,108),(720,'5165577140','6048484615',25,12,6,6,4,26,167),(721,'5234908200','6048484614',23,12,1,1,6,26,167),(722,'5052622250','6048484619',25,12,6,6,4,26,167),(723,'5234908220','6048484620',23,12,1,1,6,26,167),(724,'5234908210','6048484618',23,12,1,1,6,26,167),(725,'5231809790','7009321621',1,12,6,6,4,25,166),(726,'5153153110','6048484616',25,12,6,6,3,26,167),(727,'5227027020','7009321613',1,12,6,6,5,25,166),(728,'5234953330','6048484617',23,12,1,1,6,26,167),(729,'5231304320','71911479',16,12,7,8,3,20,73),(730,'5138721400','6048484621',25,12,6,6,5,26,167),(731,'5151806930','71490453',19,12,5,5,3,16,93),(732,'5229809350','70895177',7,12,7,8,4,20,104),(733,'5214309740','6048484623',25,12,6,6,4,26,167),(734,'5213654590','6048484625',25,12,6,6,3,26,167),(735,'5231233770','6048484624',24,12,3,3,5,26,167),(736,'5232489080','6048484622',25,12,6,6,4,26,167),(737,'5234915370','7009325255',1,17,6,6,3,25,166),(738,'5231318630','6048484626',23,12,1,1,6,26,167),(739,'5211089010','7009322720',1,12,6,6,5,25,166),(740,'5018992920','71727914',7,12,7,8,2,18,108),(741,'5018992920','71727915',21,12,4,4,2,18,108),(742,'5232027560','6048484628',23,12,1,1,6,26,167),(743,'5207313310','6048484627',23,12,1,1,6,26,167),(744,'5018992920','71727916',15,12,8,7,2,18,108),(745,'5225706260','7009321638',1,8,6,6,5,25,166),(746,'5229285810','6048484630',24,12,3,3,1,26,167),(747,'5230289010','6048484629',25,12,6,6,5,26,167),(748,'5234953340','6048484631',23,12,1,1,6,26,167),(749,'5200919650','7009321635',1,12,6,6,5,25,166),(750,'5231540780','6048484634',23,12,1,1,6,26,167),(751,'5223063620','6048484633',25,12,6,6,5,26,167),(752,'5218838520','6048484632',25,12,6,6,1,26,167),(753,'5234958040','7009321637',1,17,6,6,3,25,166),(754,'5230895890','7009321632',1,12,6,6,4,25,166),(755,'5221354690','6048484635',24,12,3,3,5,26,167),(756,'5171619210','72171919',16,12,7,8,2,14,153),(757,'5021910190','6048484637',25,12,6,6,5,26,167),(758,'5234209640','6048484636',25,12,6,6,3,26,167),(759,'5234908230','6048484641',23,12,1,1,6,26,167),(760,'5220408410','6048484638',23,12,1,1,6,26,167),(761,'5232408470','6048484640',23,12,1,1,6,26,167),(762,'5235839240','7009321630',1,12,6,6,1,25,166),(763,'5230079570','6048484639',25,12,6,6,3,26,167),(764,'5234953350','6048484643',23,12,1,1,6,26,167),(765,'5234387300','6048484642',25,12,6,6,4,26,167),(766,'5234908240','6048484644',23,12,1,1,6,26,167),(767,'0','71548514',3,12,9,9,6,13,98),(768,'5234908250','6048484647',23,16,1,1,6,26,167),(769,'5230892610','6048484645',25,12,6,6,3,26,167),(770,'5234953360','6048484648',23,12,1,1,6,26,167),(771,'5234886100','7009322849',1,12,6,6,3,25,166),(772,'5234898990','6048484646',23,12,1,1,6,26,167),(773,'5224486660','7009321629',1,12,6,6,4,25,166),(774,'0','71414175',12,12,4,4,6,3,80),(775,'5138721400','6048484649',25,12,6,6,5,26,167),(776,'5234908260','6048484650',23,12,1,1,6,26,167),(777,'5235000010','7009321772',1,12,6,6,3,25,166),(778,'5234225590','72171920',16,12,7,8,4,14,153),(779,'5235168100','6048484656',23,17,1,1,6,26,167),(780,'5225250120','6048484651',25,12,6,6,5,26,167),(781,'5221626300','6048484652',25,12,6,6,5,26,167),(782,'5203957960','71414176',12,12,4,4,3,3,80),(783,'5213243270','7009321804',1,12,6,6,5,25,166),(784,'5234908270','6048484658',23,12,1,1,6,26,167),(785,'5145145530','72171921',16,12,7,8,4,14,153),(786,'5233871590','6048484659',23,12,1,1,6,26,167),(787,'5233515810','6048484660',23,12,1,1,6,26,167),(788,'5228317000','71414177',12,12,4,4,3,3,80),(789,'5230893200','7009321594',1,12,6,6,3,25,166),(790,'5234908280','6048484661',23,15,1,1,6,26,167),(791,'5210810810','71595143',12,12,4,4,6,2,9),(792,'5210810810','71595144',21,12,4,4,6,2,9),(793,'5234743420','7009321580',1,12,6,6,3,25,166),(794,'5226098390','6048484663',25,12,6,6,1,26,167),(795,'5234908290','6048484662',23,17,1,1,6,26,167),(796,'5021248820','6048484664',25,12,6,6,5,26,167),(797,'5234958020','7009321614',1,12,6,6,5,25,166),(798,'5232143630','7009321581',1,12,6,6,5,25,166),(799,'5207558130','6048484665',25,12,6,6,4,26,167),(800,'5208018150','6048484667',25,12,6,6,5,26,167),(801,'5213205290','6048484668',23,12,1,1,6,26,167),(802,'5234953370','6048484666',23,12,1,1,6,26,167),(803,'5222518450','6048484669',25,12,6,6,3,26,167),(804,'5234908300','6048484671',23,12,1,1,6,26,167),(805,'5233767130','6048484670',25,12,6,6,5,26,167),(806,'5231935230','71911182',21,12,4,4,4,20,125),(807,'5235086910','71885867',19,12,5,5,3,17,61),(808,'5205046350','6048484673',25,12,6,6,4,26,167),(809,'5163120740','6048484672',25,12,6,6,5,26,167),(810,'5219925680','6048484674',23,12,1,1,6,26,167),(811,'5210198520','6048484675',25,12,6,6,4,26,167),(812,'5233493510','6048484677',24,12,3,3,4,26,167),(813,'5234908310','6048484678',23,12,1,1,6,26,167),(814,'5234915380','7009325258',1,12,6,6,1,25,166),(815,'5021317220','6048484679',25,12,6,6,4,26,167),(816,'5234908320','6048484680',23,12,1,1,6,26,167),(817,'5231671500','7009321688',1,12,6,6,3,25,166),(818,'5234872210','7009321579',1,12,6,6,3,25,166),(819,'5233467950','6048484681',25,12,6,6,4,26,167),(820,'5234908330','6048484685',23,12,1,1,6,26,167),(821,'5238759890','6048484684',23,16,1,1,6,26,167),(822,'5096436420','6048484683',25,12,6,6,1,26,167),(823,'5231978270','7009323480',1,12,6,6,4,25,166),(824,'5217305190','7009322647',1,9,6,6,3,25,166),(825,'5234904600','6048484686',25,12,6,6,1,26,167),(826,'5216088420','71915341',21,12,4,4,1,10,111),(827,'5201928440','71913889',7,12,7,8,4,10,41),(828,'5187794580','6048484688',25,12,6,6,4,26,167),(829,'5199764630','6048484689',25,12,6,6,5,26,167),(830,'5234877030','6048484687',24,12,3,3,5,26,167),(831,'5191067530','7009321603',1,12,6,6,1,25,166),(832,'0','71911183',21,12,4,4,6,20,125),(833,'5219925680','7009321593',1,12,6,6,4,25,166),(834,'5163120740','6048484690',25,12,6,6,2,26,167),(835,'0','71915342',21,12,4,4,6,10,111),(836,'5234908250','6048484693',25,16,6,6,3,26,167),(837,'5222334440','6048484695',23,12,1,1,6,26,167),(838,'5226801040','6048484694',23,12,1,1,6,26,167),(839,'5232366710','6048484691',23,12,1,1,6,26,167),(840,'5163637940','6048484692',25,12,6,6,4,26,167),(841,'5229109920','71915343',21,12,4,4,4,10,111),(842,'5235025090','6048484697',23,12,1,1,6,26,167),(843,'5220494410','6048484696',24,12,3,3,1,26,167),(844,'5235486600','71913890',16,12,7,8,1,10,41),(845,'5226247490','7009323492',1,12,6,6,4,25,166),(846,'5234908340','6048484699',23,12,1,1,6,26,167),(847,'5234475470','6048484700',25,12,6,6,3,26,167),(848,'5023767250','6048484698',25,12,6,6,3,26,167),(849,'5225223350','6048484701',25,12,6,6,1,26,167),(850,'5213973070','71911184',21,12,4,4,1,20,125),(851,'0','71913891',7,12,7,8,6,10,41),(852,'5218628690','7009323491',1,12,6,6,5,25,166),(853,'5223925170','71915344',21,12,4,4,5,10,111),(854,'5187748160','72171923',19,12,5,5,5,14,153),(855,'5155920450','7009321588',1,12,6,6,1,25,166),(856,'5234917900','71391953',15,16,8,7,3,7,72),(857,'5225508490','71913892',21,12,4,4,3,10,41),(858,'5228672950','6048484704',23,5,1,1,6,26,167),(859,'5230467640','6048484703',25,12,6,6,1,26,167),(860,'5147316520','71915345',21,12,4,4,1,10,111),(861,'5222474670','72171924',19,12,5,5,3,14,153),(862,'5234908350','6048484705',23,12,1,1,6,26,167),(863,'5196392430','71915346',13,12,4,4,3,10,111),(864,'5234908360','6048484706',23,12,1,1,6,26,167),(865,'5232174000','72171727',21,16,4,4,3,14,154),(866,'5224264690','6048484708',25,12,6,6,3,26,167),(867,'5230510480','71913893',21,12,4,4,3,10,41),(868,'5232893520','6048484709',25,12,6,6,5,26,167),(869,'0','71915347',21,12,4,4,6,10,111),(870,'5231230340','71915348',21,12,4,4,4,10,111),(871,'5210916890','71913894',21,12,4,4,5,10,41),(872,'5232950980','6048484712',25,7,6,6,4,26,167),(873,'5232660000','6048484711',24,12,3,3,4,26,167),(874,'5231600760','71922128',7,12,7,8,5,8,96),(875,'5228572110','6048484713',25,12,6,6,3,26,167),(876,'5234908370','6048484714',23,12,1,1,6,26,167),(877,'5230313090','71915349',21,12,4,4,5,10,111),(878,'5231861340','6048484717',25,12,6,6,1,26,167),(879,'5211936310','6048484716',23,12,1,1,6,26,167),(880,'5090996980','6048484715',25,12,6,6,2,26,167),(881,'5226878240','71913895',21,12,4,4,3,10,41),(882,'5234919080','71922129',21,12,4,4,1,8,96),(883,'5234908380','6048484719',23,16,1,1,6,26,167),(884,'5234507320','6048484718',25,12,6,6,3,26,167),(885,'5207902650','7009321615',1,12,6,6,1,25,166),(886,'5230257040','72171728',21,12,4,4,1,14,154),(887,'5237699820','71914379',12,12,4,4,3,10,130),(888,'5234871030','71915350',21,12,4,4,1,10,111),(889,'5228572110','6048484720',25,12,6,6,3,26,167),(890,'5214027480','7009321600',1,12,6,6,1,25,166),(891,'5189054050','7009321605',1,12,6,6,5,25,166),(892,'5044442070','7009321805',1,12,6,6,5,25,166),(893,'5181509000','7009321595',1,12,6,6,1,25,166),(894,'5234734870','71915351',21,12,4,4,3,10,111),(895,'5227669090','71913896',21,12,4,4,5,10,41),(896,'5220592430','6048484722',25,12,6,6,5,26,167),(897,'5170543500','71922130',21,12,4,4,5,8,96),(898,'5230258710','6048484721',25,12,6,6,4,26,167),(899,'5196358180','71914380',19,12,5,5,5,10,130),(900,'5237195420','6048484723',24,12,3,3,4,26,167),(901,'5234917860','71391555',20,12,4,4,4,7,105),(902,'5234917860','71391556',21,12,4,4,4,7,105),(903,'5213183690','6048484724',25,12,6,6,1,26,167),(904,'5170057520','7009321589',1,12,6,6,5,25,166),(905,'5231576680','7009321616',1,12,6,6,3,25,166),(906,'5234917860','71391557',15,12,8,7,4,7,105),(907,'0','70554319',21,5,4,4,6,20,113),(908,'5233161890','7009325260',1,12,6,6,5,25,166),(909,'0','71922131',21,12,4,4,6,8,96),(910,'5100228780','71915352',21,12,4,4,1,10,111),(911,'5212519940','71921621',7,12,7,8,4,8,150),(912,'5212315090','6048484725',25,11,6,6,5,26,167),(913,'5234908390','6048484727',23,12,1,1,6,26,167),(914,'5233309380','6048484726',25,12,6,6,1,26,167),(915,'5234838390','7009325250',1,12,6,6,5,25,166),(916,'5234939890','72171729',21,12,4,4,3,14,154),(917,'5166272640','71885690',19,6,5,5,1,17,124),(918,'5226648550','71884060',22,12,5,5,5,21,44),(919,'5234885540','7009322478',1,12,6,6,3,25,166),(920,'5235261320','71898821',8,12,7,8,1,3,138),(921,'5219181550','71915353',21,12,4,4,1,10,111),(922,'5229489610','71922132',21,12,4,4,5,8,96),(923,'5226648550','71883458',21,12,4,4,5,21,106),(924,'5235817280','72171925',12,12,4,4,1,14,153),(925,'5235046530','71885691',19,12,5,5,3,17,124),(926,'5210339270','6048484729',25,17,6,6,5,26,167),(927,'5216865320','71922133',21,12,4,4,1,8,96),(928,'5215695430','6048484728',25,12,6,6,3,26,167),(929,'5229247800','71915354',21,12,4,4,1,10,111),(930,'5234623340','6048484730',25,12,6,6,3,26,167),(931,'5219922700','72171927',12,12,4,4,4,14,153),(932,'0','70554321',20,12,4,4,6,20,113),(933,'5141934830','6048484731',25,12,6,6,2,26,167),(934,'5212519940','71922134',21,12,4,4,4,8,96),(935,'5234953380','6048484732',23,12,1,1,6,26,167),(936,'0','70554322',20,12,4,4,6,20,27),(937,'0','72171730',21,16,4,4,6,14,154),(938,'5222486550','6048484733',25,12,6,6,5,26,167),(939,'5234908400','6048484734',23,12,1,1,6,26,167),(940,'5234918910','71915355',21,12,4,4,5,10,111),(941,'5234527000','71883459',20,12,4,4,5,21,106),(942,'5231353960','71915356',21,12,4,4,5,10,111),(943,'5213588790','71913898',21,12,4,4,1,10,41),(944,'5234524520','7009321585',1,12,6,6,3,25,166),(945,'5234884910','6048484736',23,12,1,1,6,26,167),(946,'5231869810','6048484735',23,12,1,1,6,26,167),(947,'5231516700','71922135',21,16,4,4,3,8,96),(948,'5234939900','72171731',21,12,4,4,3,14,154),(949,'5193243570','6048484738',25,12,6,6,5,26,167),(950,'5187705320','6048484737',25,12,6,6,1,26,167),(951,'5234526410','71915357',21,9,4,4,1,10,111),(952,'5234953390','6048484739',23,12,1,1,6,26,167),(953,'5230193410','71921622',21,16,4,4,4,8,150),(954,'5230744840','72171732',21,12,4,4,5,14,154),(955,'5209198320','7009321789',1,12,6,6,1,25,166),(956,'5225863430','6048484741',23,12,1,1,6,26,167),(957,'5207864700','71913899',21,12,4,4,6,10,41),(958,'5233456730','71915358',21,16,4,4,1,10,111),(959,'5224028550','71913900',21,12,4,4,5,10,41),(960,'5233586370','71922136',19,12,5,5,3,8,96),(961,'5236000260','7009323479',1,12,6,6,4,25,166),(962,'5232277750','6048484742',25,12,6,6,4,26,167),(963,'5233305180','7009321596',1,12,6,6,5,25,166),(964,'5221834980','6048484743',25,12,6,6,4,26,167),(965,'5175310970','7009321606',1,12,6,6,5,25,166),(966,'5209383750','71915359',21,12,4,4,6,10,111),(967,'5145520360','71915360',21,12,4,4,2,10,111),(968,'5218543870','7009321582',1,12,6,6,5,25,166),(969,'5234908410','6048484745',23,12,1,1,6,26,167),(970,'5207902650','6048484744',25,12,6,6,1,26,167),(971,'5234079580','71922137',7,16,7,8,3,8,96),(972,'0','71883460',21,12,4,4,6,21,106),(973,'5232199450','71915821',21,16,4,4,1,10,41),(974,'5213642460','71915822',21,12,4,4,3,10,41),(975,'5234908420','6048484746',23,16,1,1,6,26,167),(976,'5094019680','71922138',21,12,4,4,4,8,96),(977,'5220718310','72180646',7,12,7,8,3,2,149),(978,'5226511910','7009321773',1,17,6,6,5,25,166),(979,'5221148680','71915361',21,12,4,4,1,10,111),(980,'5220718310','72180647',20,12,4,4,3,2,149),(981,'5014968540','71922139',21,12,4,4,4,8,96),(982,'5233433040','6048484747',25,12,6,6,1,26,167),(983,'5170400400','71915823',21,12,4,4,3,10,41),(984,'5235845990','71921623',21,12,4,4,3,8,150),(985,'5211705290','71915362',21,12,4,4,3,10,111),(986,'5200939600','7009321599',1,12,6,6,1,25,166),(987,'5234947530','71391954',15,12,8,7,3,7,72),(988,'5039275220','72171733',21,12,4,4,3,14,154),(989,'5208364550','71915824',21,12,4,4,5,10,41),(990,'5233131030','7009321617',1,12,6,6,4,25,166),(991,'5108283700','6048484748',24,12,3,3,3,26,167),(992,'5204202420','6048484749',25,12,6,6,5,26,167),(993,'5234908430','6048484750',23,12,1,1,6,26,167),(994,'5221697440','6048484751',25,12,6,6,2,26,167),(995,'0','70554323',21,16,4,4,6,20,27),(996,'0','71884980',20,12,4,4,6,17,75),(997,'5224079450','71915363',21,12,4,4,1,10,111),(998,'5222609410','6048484752',23,12,1,1,6,26,167),(999,'5234908440','6048484754',23,12,1,1,6,26,167),(1000,'5155920450','6048484753',25,12,6,6,1,26,167),(1001,'5227615560','71915825',21,12,4,4,3,10,41),(1002,'5213627390','6048484756',23,12,1,1,6,26,167),(1003,'5187551010','6048484755',25,12,6,6,3,26,167),(1004,'5234908450','6048484757',23,12,1,1,6,26,167),(1005,'5228485390','72171734',21,12,4,4,3,14,154),(1006,'5224952970','7009321806',1,12,6,6,1,25,166),(1007,'5231712940','71915826',21,16,4,4,4,10,41),(1008,'0','71915364',21,12,4,4,6,10,111),(1009,'5232665070','6048484758',25,12,6,6,5,26,167),(1010,'5200126870','6048484759',23,9,1,1,6,26,167),(1011,'5231837660','71914626',7,12,7,8,3,10,18),(1012,'5231639670','7009321590',1,12,6,6,5,25,166),(1013,'5234908460','6048484760',23,12,1,1,6,26,167),(1014,'5225716690','6048484761',23,12,1,1,6,26,167),(1015,'5225536990','71915365',21,12,4,4,4,10,111),(1016,'0','70554324',20,12,4,4,6,20,27),(1017,'5231572080','7009323487',1,12,6,6,5,25,166),(1018,'5231271620','71915827',21,12,4,4,3,10,41),(1019,'5233781990','71921624',21,12,4,4,5,8,150),(1020,'5210490270','71915366',21,12,4,4,5,10,111),(1021,'5223401550','6048484763',25,12,6,6,5,26,167),(1022,'5234908470','6048484762',23,12,1,1,6,26,167),(1023,'5230528700','71914627',21,16,4,4,3,10,18),(1024,'0','71915367',21,12,4,4,6,10,111),(1025,'5216825820','6048484766',25,12,6,6,3,26,167),(1026,'5233613400','6048484765',25,12,6,6,3,26,167),(1027,'5234549820','6048484764',25,12,6,6,5,26,167),(1028,'5188351730','71915828',21,12,4,4,3,10,41),(1029,'5229258780','7009321618',1,12,6,6,3,25,166),(1030,'5020084200','6048484767',25,12,6,6,4,26,167),(1031,'5138721400','71885868',5,12,6,6,5,17,61),(1032,'5205141130','7009321601',1,12,6,6,5,25,166),(1033,'5233296240','6048484768',25,12,6,6,1,26,167),(1034,'5235218120','71900947',12,16,4,4,3,3,135),(1035,'5230393450','71922140',7,12,7,8,3,8,96),(1036,'5116771540','71915829',21,12,4,4,3,10,41),(1037,'5234858230','7009321619',1,12,6,6,3,25,166),(1038,'5138721400','6048484769',23,12,1,1,6,26,167),(1039,'5221162070','71911480',15,12,8,7,5,20,73),(1040,'5230529440','71915830',21,12,4,4,1,10,41),(1041,'5235296680','6048484771',23,12,1,1,6,26,167),(1042,'5232355120','6048484770',25,12,6,6,1,26,167),(1043,'5208634790','71915368',21,12,4,4,1,10,111),(1044,'5234908480','6048484772',23,12,1,1,6,26,167),(1045,'5056460170','7009321780',1,12,6,6,3,25,166),(1046,'5234872270','7009321639',1,12,6,6,1,25,166),(1047,'5221148500','6048484773',25,17,6,6,3,26,167),(1048,'5021570330','71922141',21,12,4,4,3,8,96),(1049,'0','71414333',19,12,5,5,6,3,51),(1050,'5213498920','6048484774',24,12,3,3,3,26,167),(1051,'5167256520','71915831',21,12,4,4,1,10,41),(1052,'5177820030','71915369',21,12,4,4,3,10,111),(1053,'5231503180','71414334',19,12,5,5,5,3,51),(1054,'5228178580','6048484775',24,12,3,3,5,26,167),(1055,'5224456230','6048484776',25,14,6,6,1,26,167),(1056,'5232449850','7009321786',1,12,6,6,4,25,166),(1057,'5186710500','71480725',17,12,7,8,2,4,118),(1058,'5215850240','71915370',21,12,4,4,3,10,111),(1059,'5136117450','71915832',21,12,4,4,3,10,41),(1060,'5230379320','7009321807',1,12,6,6,1,25,166),(1061,'0','71773199',21,12,4,4,6,12,13),(1062,'5234884300','7009321794',1,12,6,6,1,25,166),(1063,'5230109390','6048484777',23,12,1,1,6,26,167),(1064,'5231753950','7009321792',1,12,6,6,5,25,166),(1065,'5125681060','71915833',21,17,4,4,3,10,41),(1066,'5237716050','6048484778',25,12,6,6,4,26,167),(1067,'5233134900','7009322719',1,12,6,6,5,25,166),(1068,'5223321150','6048484779',25,12,6,6,5,26,167),(1069,'5228363720','6048484780',25,12,6,6,1,26,167),(1070,'5237969440','71414394',19,12,5,5,4,3,165),(1071,'5177284120','6048484782',25,12,6,6,4,26,167),(1072,'5226791540','6048484781',25,3,6,6,5,26,167),(1073,'5229108810','7009321633',1,12,6,6,1,25,166),(1074,'5212446850','71915834',21,12,4,4,1,10,41),(1075,'5234908490','6048484783',23,16,1,1,6,26,167),(1076,'5230046800','6048484784',24,12,3,3,3,26,167),(1077,'5234886110','7009322850',1,12,6,6,1,25,166),(1078,'5220106910','6048484785',25,12,6,6,5,26,167),(1079,'5234341670','6048484786',23,12,1,1,6,26,167),(1080,'5219724420','6048484787',25,12,6,6,5,26,167),(1081,'5210209820','71362921',15,12,8,7,5,17,76),(1082,'0','71362922',20,12,4,4,6,17,76),(1083,'5215185820','6048484788',23,12,1,1,6,26,167),(1084,'5192309340','71915431',21,12,4,4,4,10,111),(1085,'5232180400','71915835',21,16,4,4,3,10,41),(1086,'5231657160','71373582',19,16,5,5,4,17,67),(1087,'5230401390','7009321696',1,12,6,6,3,25,166),(1088,'5235086790','71883916',13,17,4,4,5,21,161),(1089,'5147627720','71391558',18,12,6,6,1,7,105),(1090,'5232027420','71373583',19,12,5,5,4,17,67),(1091,'5225456650','71915432',21,12,4,4,5,10,111),(1092,'5235217390','71414335',7,12,7,8,5,3,51),(1093,'5223615250','6048484793',24,12,3,3,1,26,167),(1094,'5234823000','6048484791',25,12,6,6,2,26,167),(1095,'5234238700','6048484792',23,12,1,1,6,26,167),(1096,'5013577300','6048484789',24,12,3,3,5,26,167),(1097,'5234953400','6048484790',23,12,1,1,6,26,167),(1098,'5143606230','71915836',21,12,4,4,3,10,41),(1099,'5191631620','6048484794',25,12,6,6,5,26,167),(1100,'5233891200','71571311',15,12,8,7,1,5,156),(1101,'0','71914711',3,16,9,9,6,10,16),(1102,'5194260390','6048484795',25,12,6,6,1,26,167),(1103,'5235217390','71414336',21,12,4,4,5,3,51),(1104,'5217963640','71915837',21,12,4,4,5,10,41),(1105,'5230379130','6048484798',24,12,3,3,5,26,167),(1106,'5234908500','6048484796',23,12,1,1,6,26,167),(1107,'5205259570','6048484799',25,12,6,6,5,26,167),(1108,'5234953410','6048484797',23,12,1,1,6,26,167),(1109,'5070889640','71391559',18,12,6,6,3,7,105),(1110,'5234872300','7009321658',1,12,6,6,5,25,166),(1111,'5143549880','6048484800',25,12,6,6,1,26,167),(1112,'5070889640','71391560',21,12,4,4,3,7,105),(1113,'5185582790','6048484801',25,12,6,6,5,26,167),(1114,'5209798690','71915433',21,12,4,4,1,10,111),(1115,'0','71915434',21,12,4,4,6,10,111),(1116,'5205417610','6048484803',25,12,6,6,5,26,167),(1117,'5231639670','7009321689',1,12,6,6,5,25,166),(1118,'5235166810','7009321669',1,12,6,6,3,25,166),(1119,'5235025100','6048484802',23,12,1,1,6,26,167),(1120,'5157577220','6048484805',25,12,6,6,4,26,167),(1121,'5138721400','6048484804',23,12,1,1,6,26,167),(1122,'5234918940','71915839',21,16,4,4,1,10,41),(1123,'5164973850','6048484806',25,12,6,6,5,26,167),(1124,'5236834680','71883917',9,12,4,4,4,21,161),(1125,'5233078700','6048484809',25,12,6,6,5,26,167),(1126,'5192758630','6048484808',23,12,1,1,6,26,167),(1127,'5217246920','6048484807',25,12,6,6,1,26,167),(1128,'5233207620','71391561',21,16,4,4,4,7,105),(1129,'5233207620','71391562',15,16,8,7,4,7,105),(1130,'5211388680','6048484812',25,12,6,6,1,26,167),(1131,'5209026740','6048484811',25,12,6,6,3,26,167),(1132,'0','72199479',21,12,4,4,6,11,64),(1133,'5233632950','7009321668',1,12,6,6,5,25,166),(1134,'5203462510','71883918',7,12,7,8,5,21,161),(1135,'5234939130','71793552',20,12,4,4,4,18,110),(1136,'5234872310','7009321664',1,12,6,6,5,25,166),(1137,'5234908510','6048484813',23,12,1,1,6,26,167),(1138,'5188525930','71915435',21,12,4,4,5,10,111),(1139,'5232061610','6048484816',23,12,1,1,6,26,167),(1140,'5234953420','6048484814',23,12,1,1,6,26,167),(1141,'5234908520','6048484815',23,16,1,1,6,26,167),(1142,'5213047560','7009321670',1,12,6,6,1,25,166),(1143,'5234884440','71391563',15,12,8,7,3,7,105),(1144,'5233768550','6048484818',25,12,6,6,3,26,167),(1145,'5229025990','6048484817',25,12,6,6,3,26,167),(1146,'5226810950','71915436',21,12,4,4,1,10,111),(1147,'5224805410','71414337',19,12,5,5,4,3,51),(1148,'5234958090','7009321785',1,12,6,6,5,25,166),(1149,'5229864050','6048484820',25,12,6,6,1,26,167),(1150,'5234731160','6048484821',23,12,1,1,6,26,167),(1151,'0','71391564',15,12,8,7,6,7,105),(1152,'5234908530','6048484825',23,16,1,1,6,26,167),(1153,'5207549260','6048484822',25,12,6,6,5,26,167),(1154,'5211992660','6048484824',24,12,3,3,1,26,167),(1155,'5234885920','7009322718',1,12,6,6,3,25,166),(1156,'5222454440','6048484823',24,12,3,3,5,26,167),(1157,'5220149640','71915437',21,12,4,4,1,10,111),(1158,'5215499180','6048484826',24,12,3,3,4,26,167),(1159,'5234884290','7009321783',1,12,6,6,4,25,166),(1160,'5224805410','71414338',21,12,4,4,4,3,51),(1161,'5221562260','71484631',21,12,4,4,5,4,21),(1162,'5209871230','72199481',22,12,5,5,3,11,64),(1163,'5209871230','72199480',21,12,4,4,3,11,64),(1164,'5231983820','6048484827',24,12,3,3,1,26,167),(1165,'5234884260','7009321774',1,12,6,6,3,25,166),(1166,'5100263880','71773200',21,12,4,4,4,12,13),(1167,'5230714960','6048484828',25,12,6,6,4,26,167),(1168,'5234908540','6048484829',23,12,1,1,6,26,167),(1169,'5234908550','6048484830',23,16,1,1,6,26,167),(1170,'5116038770','6048484831',23,12,1,1,6,26,167),(1171,'5224535390','71414339',19,12,5,5,3,3,51),(1172,'0','71915438',21,12,4,4,6,10,111),(1173,'5232444500','6048484832',23,12,1,1,6,26,167),(1174,'5207306010','71915439',21,12,4,4,3,10,111),(1175,'5234750260','71900948',2,12,2,2,4,3,135),(1176,'5230089200','6048484834',25,12,6,6,1,26,167),(1177,'5224535390','71414340',21,12,4,4,3,3,51),(1178,'5143338500','71915440',21,12,4,4,1,10,111),(1179,'5234908560','6048484836',23,12,1,1,6,26,167),(1180,'5234549010','6048484835',25,12,6,6,5,26,167),(1181,'5194085130','71915441',21,12,4,4,4,10,111),(1182,'5235101030','6048484837',25,12,6,6,4,26,167),(1183,'5205919550','7009321656',1,12,6,6,4,25,166),(1184,'5216087380','6048484838',24,12,3,3,5,26,167),(1185,'5082457770','71915840',21,12,4,4,4,10,41),(1186,'5149735600','6048484839',25,12,6,6,3,26,167),(1187,'5210424810','6048484842',25,12,6,6,1,26,167),(1188,'5220867160','6048484840',23,12,1,1,6,26,167),(1189,'5227567690','6048484841',25,12,6,6,1,26,167),(1190,'5230815520','6048484844',23,12,1,1,6,26,167),(1191,'5234908580','6048484848',23,12,1,1,6,26,167),(1192,'5234908570','6048484847',23,12,1,1,6,26,167),(1193,'5219816580','6048484845',24,12,3,3,1,26,167),(1194,'5233481880','6048484846',25,12,6,6,4,26,167),(1195,'5234908590','6048484850',23,12,1,1,6,26,167),(1196,'5178536230','71915442',21,12,4,4,5,10,111),(1197,'5234918950','71915841',21,16,4,4,5,10,41),(1198,'5231357030','7009321657',1,12,6,6,5,25,166),(1199,'5234953430','6048484851',23,12,1,1,6,26,167),(1200,'0','71899303',16,12,7,8,6,3,103),(1201,'5234918960','71915842',21,8,4,4,3,10,41),(1202,'5222609410','6048484852',23,12,1,1,6,26,167),(1203,'5067954380','6048484853',23,12,1,1,6,26,167),(1204,'5221634870','6048484855',23,12,1,1,6,26,167),(1205,'5212627160','6048484854',23,12,1,1,6,26,167),(1206,'5120502200','6048484856',25,5,6,6,5,26,167),(1207,'5232615530','6048484857',25,12,6,6,4,26,167),(1208,'5234953440','6048484858',23,12,1,1,6,26,167),(1209,'5234908600','6048484860',23,12,1,1,6,26,167),(1210,'5223059850','7009325253',1,12,6,6,3,25,166),(1211,'5234392940','7009321788',1,12,6,6,5,25,166),(1212,'5182301990','6048484861',24,12,3,3,1,26,167),(1213,'5213982960','7009321679',1,12,6,6,1,25,166),(1214,'5237961790','6048484863',24,12,3,3,4,26,167),(1215,'5225832560','6048484864',25,12,6,6,3,26,167),(1216,'5222194410','6048484865',23,12,1,1,6,26,167),(1217,'5230337180','6048484866',23,12,1,1,6,26,167),(1218,'5223212990','7009321662',1,12,6,6,5,25,166),(1219,'5207883600','6048484862',24,12,3,3,5,26,167),(1220,'5203797030','7009325252',1,12,6,6,2,25,166),(1221,'5234908610','6048484867',23,12,1,1,6,26,167),(1222,'5226528270','6048484868',25,12,6,6,1,26,167),(1223,'5231395260','6048484869',24,12,3,3,5,26,167),(1224,'5208799440','6048484871',24,12,3,3,5,26,167),(1225,'5233244070','6048484870',25,17,6,6,3,26,167),(1226,'5234908620','6048484880',23,16,1,1,6,26,167),(1227,'5234908630','6048484872',23,12,1,1,6,26,167),(1228,'5235218040','71899480',16,16,7,8,3,3,136),(1229,'5234953450','6048484873',23,12,1,1,6,26,167),(1230,'5234886640','7009323163',1,12,6,6,3,25,166),(1231,'5231248450','6048484874',25,12,6,6,4,26,167),(1232,'5213052580','7009321787',1,12,6,6,5,25,166),(1233,'5232192710','6048484876',23,12,1,1,6,26,167),(1234,'5234044820','6048484875',23,12,1,1,6,26,167),(1235,'5198638210','71885869',5,12,6,6,5,17,61),(1236,'0','71885870',5,12,6,6,6,17,61),(1237,'5235025110','6048484878',23,12,1,1,6,26,167),(1238,'5177827690','6048484881',25,12,6,6,5,26,167),(1239,'5233232930','6048484877',25,12,6,6,4,26,167),(1240,'5234953460','6048484883',23,12,1,1,6,26,167),(1241,'5229955590','6048484882',25,12,6,6,3,26,167),(1242,'5221605010','6048484884',25,12,6,6,5,26,167),(1243,'5234871960','6048484879',25,12,6,6,5,26,167),(1244,'5231437840','71914684',7,12,7,8,4,10,71),(1245,'5235173580','71789708',10,12,6,6,5,18,19),(1246,'5231437840','71914685',21,12,4,4,4,10,71),(1247,'5223922370','6048484886',25,12,6,6,5,26,167),(1248,'5234908640','6048484885',23,12,1,1,6,26,167),(1249,'5235167160','7009321790',1,13,6,6,3,25,166),(1250,'5225899800','7009321801',1,12,6,6,1,25,166),(1251,'5232247420','7009321803',1,12,6,6,4,25,166),(1252,'5226482210','71915844',21,12,4,4,1,10,41),(1253,'5115695960','6048484887',25,12,6,6,3,26,167),(1254,'5214309740','7009321800',1,12,6,6,4,25,166),(1255,'5234908650','6048484890',23,12,1,1,6,26,167),(1256,'5234094110','6048484892',24,12,3,3,3,26,167),(1257,'5230189870','6048484891',25,12,6,6,4,26,167),(1258,'5234908660','6048484893',23,12,1,1,6,26,167),(1259,'5221237480','6048484889',25,17,6,6,1,26,167),(1260,'5235086920','71885871',8,12,7,8,5,17,61),(1261,'5230624270','6048484894',25,12,6,6,5,26,167),(1262,'5211755600','7009321654',1,12,6,6,5,25,166),(1263,'5076358320','71915845',21,12,4,4,4,10,41),(1264,'5234898610','7009323477',1,12,6,6,3,25,166),(1265,'0','71885872',8,12,7,8,6,17,61),(1266,'5229114520','71915846',21,12,4,4,4,10,41),(1267,'5230900950','7009321682',1,12,6,6,1,25,166),(1268,'5200602890','6048484895',25,12,6,6,3,26,167),(1269,'5215721980','71915847',21,12,4,4,4,10,41),(1270,'5222692490','6048484901',25,12,6,6,1,26,167),(1271,'5205919550','6048484897',25,12,6,6,4,26,167),(1272,'5234872330','7009321680',1,12,6,6,5,25,166),(1273,'5234392940','6048484899',23,12,1,1,6,26,167),(1274,'5177827690','6048484898',25,12,6,6,5,26,167),(1275,'5193146880','6048484900',25,12,6,6,2,26,167),(1276,'5234359510','6048484896',25,12,6,6,5,26,167),(1277,'5016198070','7009321770',1,12,6,6,1,25,166),(1278,'5234767410','72169372',21,12,4,4,1,14,28),(1279,'5235033500','71718121',21,16,4,4,5,24,45),(1280,'5234908670','6048484902',23,12,1,1,6,26,167),(1281,'5233318610','7009321651',1,12,6,6,4,25,166),(1282,'5216950350','6048484903',24,12,3,3,3,26,167),(1283,'5235232000','71595145',21,16,4,4,5,2,9),(1284,'5235232000','71595146',15,16,8,7,4,2,9),(1285,'5227219200','7009321650',1,12,6,6,5,25,166),(1286,'5235166130','6048484904',23,12,1,1,6,26,167),(1287,'5220099530','71915848',21,12,4,4,3,10,41),(1288,'5230326880','71915849',21,12,4,4,5,10,41),(1289,'5219783400','72169373',21,12,4,4,4,14,28),(1290,'5235033500','71718122',15,16,8,7,6,24,45),(1291,'5234908690','6048484907',23,12,1,1,6,26,167),(1292,'5225386670','6048484905',24,12,3,3,5,26,167),(1293,'5234908680','6048484906',25,12,6,6,1,26,167),(1294,'5234908700','6048484909',23,12,1,1,6,26,167),(1295,'5231647470','6048484911',25,12,6,6,4,26,167),(1296,'5204125980','6048484910',25,12,6,6,4,26,167),(1297,'5191067530','7009321797',1,12,6,6,1,25,166),(1298,'5187562660','6048484908',23,12,1,1,6,26,167),(1299,'5203741510','71718181',21,12,4,4,4,24,120),(1300,'5229382190','7009322949',1,12,6,6,5,25,166),(1301,'5224503650','6048484912',23,12,1,1,6,26,167),(1302,'5225585350','71900949',12,12,4,4,1,3,135),(1303,'5234908710','6048484915',23,12,1,1,6,26,167),(1304,'5234771860','6048484914',25,12,6,6,4,26,167),(1305,'5223262910','7009321684',1,12,6,6,5,25,166),(1306,'5230972620','7009321660',1,12,6,6,3,25,166),(1307,'5113832300','6048484913',24,12,3,3,4,26,167),(1308,'5234908720','6048484920',23,12,1,1,6,26,167),(1309,'5183797470','6048484917',25,12,6,6,5,26,167),(1310,'5234255450','6048484918',24,12,3,3,5,26,167),(1311,'5045607860','7009321694',1,12,6,6,5,25,166),(1312,'5234246530','6048484916',25,12,6,6,4,26,167),(1313,'5155920450','7009321673',1,12,6,6,1,25,166),(1314,'5234624110','6048484919',25,12,6,6,3,26,167),(1315,'0','71718182',21,12,4,4,6,24,120),(1316,'5233468310','6048484922',23,12,1,1,6,26,167),(1317,'5234908730','6048484921',23,12,1,1,6,26,167),(1318,'5226454780','6048484923',25,12,6,6,5,26,167),(1319,'0','71595147',20,12,4,4,6,2,9),(1320,'5216017180','6048484924',25,12,6,6,3,26,167),(1321,'5223057140','71913897',21,12,4,4,5,10,41),(1322,'0','71595148',15,12,8,7,6,2,9),(1323,'5234908740','6048484926',23,12,1,1,6,26,167),(1324,'5234789190','7009321692',1,12,6,6,2,25,166),(1325,'5199948470','71718123',21,12,4,4,5,24,45),(1326,'5176504180','6048484927',25,12,6,6,5,26,167),(1327,'5234958070','7009321693',1,12,6,6,4,25,166),(1328,'5204018550','6048484928',23,12,1,1,6,26,167),(1329,'5177921150','71718183',21,12,4,4,3,24,120),(1330,'5227980980','6048484929',23,12,1,1,6,26,167),(1331,'5193582140','71564012',21,12,4,4,1,1,79),(1332,'5228239560','7009321665',1,12,6,6,5,25,166),(1333,'5234908750','6048484930',23,12,1,1,6,26,167),(1334,'5230708060','6048484932',23,12,1,1,6,26,167),(1335,'5234953470','6048484931',23,12,1,1,6,26,167),(1336,'5230303750','71718124',21,12,4,4,6,24,45),(1337,'5234766260','71527216',6,12,5,5,5,9,60),(1338,'5141716540','6048484933',25,12,6,6,4,26,167),(1339,'5230705000','71595149',21,16,4,4,4,2,9),(1340,'5226976500','7009321655',1,17,6,6,3,25,166),(1341,'5186910140','6048484934',25,12,6,6,1,26,167),(1342,'5190883280','6048484936',25,13,6,6,2,26,167),(1343,'5207860910','7009323356',1,12,6,6,1,25,166),(1344,'5092100760','6048484935',25,12,6,6,3,26,167),(1345,'5235033510','71718184',21,16,4,4,5,24,120),(1346,'5235046580','71885873',5,12,6,6,5,17,61),(1347,'5205505920','71883919',7,12,7,8,3,21,161),(1348,'5209228680','72181689',7,12,7,8,3,2,42),(1349,'5234898630','7009323488',1,12,6,6,3,25,166),(1350,'5228738550','6048484938',23,12,1,1,6,26,167),(1351,'5231789820','7009321659',1,12,6,6,5,25,166),(1352,'5226135140','7009321671',1,12,6,6,5,25,166),(1353,'5227416870','7009321796',1,12,6,6,5,25,166),(1354,'5234908760','6048484937',23,12,1,1,6,26,167),(1355,'5170302770','6048484939',25,12,6,6,5,26,167),(1356,'5210321010','6048484940',24,12,3,3,1,26,167),(1357,'5235033520','71718185',15,12,8,7,5,24,120),(1358,'5212479850','71885874',5,17,6,6,1,17,61),(1359,'5235910980','71354616',3,12,9,9,3,21,131),(1360,'5216479580','7009321667',1,12,6,6,5,25,166),(1361,'5202758780','72165601',12,12,4,4,5,13,48),(1362,'5185426040','6048484941',25,12,6,6,5,26,167),(1363,'5181808560','6048484942',25,12,6,6,5,26,167),(1364,'5237710100','71886067',10,12,6,6,4,17,115),(1365,'5232888980','71718126',15,16,8,7,3,24,45),(1366,'5230954230','6048484944',25,12,6,6,5,26,167),(1367,'5228909790','7009321674',1,12,6,6,3,25,166),(1368,'5232888980','71718125',21,16,4,4,1,24,45),(1369,'5224950040','71595150',21,17,4,4,1,2,9),(1370,'5234755120','6048484947',24,12,3,3,3,26,167),(1371,'5234908770','6048484945',23,12,1,1,6,26,167),(1372,'5234908780','6048484949',23,12,1,1,6,26,167),(1373,'5090844100','6048484948',25,9,6,6,5,26,167),(1374,'5213971270','71900950',12,12,4,4,4,3,135),(1375,'5219051090','7009321776',1,12,6,6,5,25,166),(1376,'5221498200','6048484951',25,12,6,6,3,26,167),(1377,'5220094450','6048484950',25,12,6,6,5,26,167),(1378,'5236816390','7009321683',1,12,6,6,3,25,166),(1379,'5235085780','6048484952',23,12,1,1,6,26,167),(1380,'5237207870','71901421',8,12,7,8,4,3,51),(1381,'5234978010','6048484955',23,12,1,1,6,26,167),(1382,'5230864340','71517474',3,12,9,9,1,9,86),(1383,'5234768480','6048484956',24,12,3,3,4,26,167),(1384,'5230651360','6048484957',25,12,6,6,1,26,167),(1385,'5230954230','6048484954',25,12,6,6,5,26,167),(1386,'5172085220','6048484961',23,12,1,1,6,26,167),(1387,'5234918320','71636604',20,12,4,4,5,20,69),(1388,'5234918320','71636603',16,12,7,8,5,20,69),(1389,'5202493340','6048484958',25,12,6,6,4,26,167),(1390,'5230161940','7009323483',1,12,6,6,4,25,166),(1391,'5234908810','6048484962',23,12,1,1,6,26,167),(1392,'5234908790','6048484959',23,12,1,1,6,26,167),(1393,'5234958060','7009321677',1,12,6,6,3,25,166),(1394,'5220465130','6048484960',24,12,3,3,3,26,167),(1395,'5230599620','71718127',21,12,4,4,3,24,45),(1396,'5234908820','6048484963',25,12,6,6,5,26,167),(1397,'5115424200','6048484964',25,12,6,6,5,26,167),(1398,'5232043690','6048484965',25,12,6,6,5,26,167),(1399,'5234884280','7009321777',1,12,6,6,3,25,166),(1400,'5221968500','71773754',12,12,4,4,5,12,155),(1401,'5156373870','71643625',21,12,4,4,4,14,55),(1402,'0','71718186',21,12,4,4,6,24,120),(1403,'5235025120','6048484968',23,12,1,1,6,26,167),(1404,'5234501020','7009321808',1,12,6,6,5,25,166),(1405,'5230734970','6048484967',23,12,1,1,6,26,167),(1406,'5234908830','6048484966',23,12,1,1,6,26,167),(1407,'0','71718128',21,12,4,4,6,24,45),(1408,'5234908840','6048484970',23,12,1,1,6,26,167),(1409,'5234910410','6048484969',23,12,1,1,6,26,167),(1410,'5234906790','6048484972',25,12,6,6,4,26,167),(1411,'5208688590','7009321678',1,12,6,6,5,25,166),(1412,'5235142790','6048484971',25,12,6,6,5,26,167),(1413,'5232363650','7009321652',1,12,6,6,3,25,166),(1414,'5230586460','71718187',21,12,4,4,4,24,120),(1415,'5232682310','6048484975',24,12,3,3,1,26,167),(1416,'5234872350','7009321695',1,12,6,6,3,25,166),(1417,'5235493680','6048484973',23,12,1,1,6,26,167),(1418,'5234768110','6048484974',23,12,1,1,6,26,167),(1419,'5226752110','6048484977',23,12,1,1,6,26,167),(1420,'5220253400','71718129',21,12,4,4,4,24,45),(1421,'5215117070','7009323490',1,12,6,6,3,25,166),(1422,'0','71773755',19,12,5,5,6,12,155),(1423,'5234953480','6048484976',23,12,1,1,6,26,167),(1424,'5231745080','7009321672',1,12,6,6,5,25,166),(1425,'5209869440','71718188',21,12,4,4,1,24,120),(1426,'5217111320','6048484978',24,12,3,3,5,26,167),(1427,'5199815210','6048484979',25,12,6,6,5,26,167),(1428,'5235025130','6048484980',23,12,1,1,6,26,167),(1429,'5226067170','6048484982',25,12,6,6,1,26,167),(1430,'5234953490','6048484981',23,12,1,1,6,26,167),(1431,'5213910170','71718130',21,12,4,4,1,24,45),(1432,'5234770910','6048484983',25,12,6,6,3,26,167),(1433,'5208568860','6048484984',25,12,6,6,5,26,167),(1434,'5206512460','71773756',19,12,5,5,1,12,155),(1435,'5190107350','7009323481',1,12,6,6,5,25,166),(1436,'5105807970','71445228',19,12,5,5,3,16,95),(1437,'5235025140','6048484986',25,12,6,6,3,26,167),(1438,'5226255570','7009321778',1,12,6,6,2,25,166),(1439,'5231257830','7009321653',1,12,6,6,5,25,166),(1440,'5044442070','6048484985',23,12,1,1,6,26,167),(1441,'5235033530','71718189',21,12,4,4,5,24,120),(1442,'5220811610','7009321686',1,12,6,6,3,25,166),(1443,'5227404800','71362671',21,12,4,4,4,21,63),(1444,'5227404800','71362670',16,12,7,8,4,21,63),(1445,'5228403830','71362669',16,12,7,8,5,21,63),(1446,'5170324630','7009321687',1,12,6,6,1,25,166),(1447,'5222609410','6048484987',23,12,1,1,6,26,167),(1448,'5234872320','7009321675',1,12,6,6,1,25,166),(1449,'5153262840','6048484988',24,12,3,3,4,26,167),(1450,'5046618760','6048484989',25,12,6,6,4,26,167),(1451,'5165973900','71718131',21,8,4,4,1,24,45),(1452,'5234908850','6048484990',23,12,1,1,6,26,167),(1453,'5212383290','7009321663',1,12,6,6,5,25,166),(1454,'5234514220','6048484991',23,12,1,1,6,26,167),(1455,'5219658780','7009321809',1,12,6,6,1,25,166),(1456,'5234953500','6048484992',23,12,1,1,6,26,167),(1457,'5216950350','6048484994',25,12,6,6,3,26,167),(1458,'5220837940','71773757',8,12,7,8,6,12,155),(1459,'5231767080','6048484993',25,12,6,6,4,26,167),(1460,'5217689120','71718190',21,12,4,4,5,24,120),(1461,'5233239630','6048484996',25,12,6,6,5,26,167),(1462,'5234763230','6048484995',23,12,1,1,6,26,167),(1463,'5230487120','6048484998',24,12,3,3,5,26,167),(1464,'5225609610','6048484997',23,12,1,1,6,26,167),(1465,'5232057420','6048484999',25,12,6,6,1,26,167),(1466,'5218071020','7009321868',1,18,6,6,3,25,166),(1467,'5207650070','7009321799',1,12,6,6,5,25,166),(1468,'5173190500','7009325261',1,12,6,6,3,25,166),(1469,'5180889350','6048485001',24,12,3,3,5,26,167),(1470,'5070139530','6048485000',25,12,6,6,3,26,167),(1471,'5166836290','7009321802',1,12,6,6,1,25,166),(1472,'5233928890','7009323489',1,16,6,6,4,25,166),(1473,'5234884310','7009321795',1,16,6,6,1,25,166),(1474,'5228670370','7009325251',1,5,6,6,4,25,166),(1475,'5166626440','6048485004',25,12,6,6,3,26,167),(1476,'5234774040','71361883',6,12,5,5,1,21,116),(1477,'5214309740','6048485002',25,12,6,6,4,26,167),(1478,'5217939230','6048485003',25,12,6,6,1,26,167),(1479,'5234908860','6048485005',23,12,1,1,6,26,167),(1480,'5233731270','71361884',6,12,5,5,1,21,116),(1481,'5229655270','7009321858',1,12,6,6,5,25,166),(1482,'5234953510','6048485006',23,12,1,1,6,26,167),(1483,'5235296060','6048485011',23,12,1,1,6,26,167),(1484,'5201961440','7009321857',1,17,6,6,1,25,166),(1485,'5213358980','6048485008',25,12,6,6,3,26,167),(1486,'5145377010','6048485010',24,12,3,3,5,26,167),(1487,'5233117810','71361885',6,12,5,5,3,21,116),(1488,'5234355430','6048485012',23,12,1,1,6,26,167),(1489,'5234560920','71465442',19,12,5,5,5,18,20),(1490,'5230136770','6048485013',25,12,6,6,4,26,167),(1491,'5218496430','6048485014',24,12,3,3,4,26,167),(1492,'5129290640','7009321781',1,12,6,6,4,25,166),(1493,'5231380190','7009322724',1,12,6,6,5,25,166),(1494,'5234493840','6048485033',25,5,6,6,3,26,167),(1495,'5234602920','6048485015',23,12,1,1,6,26,167),(1496,'5229558410','71361886',6,12,5,5,1,21,116),(1497,'0','71361887',6,12,5,5,6,21,116),(1498,'5234758520','71361888',6,12,5,5,1,21,116),(1499,'5231995100','7009325259',1,12,6,6,3,25,166),(1500,'5234884320','7009321810',1,1,6,6,5,25,166),(1501,'5233707800','6048485016',25,12,6,6,5,26,167),(1502,'5235046590','71885876',5,12,6,6,5,17,61),(1503,'5235630410','6048485017',23,13,1,1,6,26,167),(1504,'5231991990','71361889',6,12,5,5,4,21,116),(1505,'5235630370','7009321869',1,13,6,6,4,25,166),(1506,'5217680240','6048485018',24,12,3,3,5,26,167),(1507,'5222609410','6048485020',24,13,3,3,5,26,167),(1508,'5232343510','6048485021',23,12,1,1,6,26,167),(1509,'5234081320','6048485019',25,12,6,6,4,26,167),(1510,'5233460980','71361890',6,12,5,5,1,21,116),(1511,'5211185920','7009321793',1,12,6,6,1,25,166),(1512,'5234953520','6048485024',23,12,1,1,6,26,167),(1513,'5199688670','6048485034',25,12,6,6,3,26,167),(1514,'5234908870','6048485022',23,12,1,1,6,26,167),(1515,'5231234340','6048485023',23,12,1,1,6,26,167),(1516,'5234918380','71674358',19,12,5,5,3,24,78),(1517,'5234908880','6048485025',23,12,1,1,6,26,167),(1518,'5233587460','7009323510',1,12,6,6,5,25,166),(1519,'5234884600','7009321948',1,12,6,6,5,25,166),(1520,'5192454300','7009321907',1,12,6,6,5,25,166),(1521,'5234947690','71512485',19,12,5,5,5,12,46),(1522,'5236300630','71885692',19,12,5,5,1,17,124),(1523,'5234953530','6048485028',23,12,1,1,6,26,167),(1524,'5212438540','7009323504',1,12,6,6,3,25,166),(1525,'5231797090','6048485026',23,12,1,1,6,26,167),(1526,'5234884510','7009321906',1,12,6,6,5,25,166),(1527,'5153391890','6048485027',24,12,3,3,2,26,167),(1528,'5228882510','6048485029',24,12,3,3,5,26,167),(1529,'5233445910','6048485031',25,12,6,6,5,26,167),(1530,'5234661400','6048485035',23,12,1,1,6,26,167),(1531,'5228744660','7009323505',1,12,6,6,3,25,166),(1532,'5206604710','6048485032',25,12,6,6,3,26,167),(1533,'5216444580','7009321970',1,12,6,6,3,25,166),(1534,'5228607560','6048485030',24,12,3,3,3,26,167),(1535,'5112130700','7009321873',1,12,6,6,2,25,166),(1536,'5188037360','7009321811',1,12,6,6,3,25,166),(1537,'5235538790','6048485037',25,12,6,6,5,26,167),(1538,'5220693600','6048485036',23,13,1,1,6,26,167),(1539,'5234556330','6048485038',23,12,1,1,6,26,167),(1540,'5234884610','7009321951',1,12,6,6,5,25,166),(1541,'5123748210','6048485039',25,2,6,6,2,26,167),(1542,'5222364730','6048485040',25,17,6,6,5,26,167),(1543,'5234908890','6048485041',23,12,1,1,6,26,167),(1544,'5234884570','7009321929',1,12,6,6,5,25,166),(1545,'5234953540','6048485042',23,12,1,1,6,26,167),(1546,'5231836190','71885693',19,12,5,5,1,17,124),(1547,'5192615070','7009321935',1,12,6,6,4,25,166),(1548,'5233630760','6048485043',25,12,6,6,5,26,167),(1549,'5202190180','6048485045',25,12,6,6,1,26,167),(1550,'5213679720','6048485044',25,12,6,6,5,26,167),(1551,'5234908900','6048485046',23,12,1,1,6,26,167),(1552,'5233651860','6048485047',25,12,6,6,3,26,167),(1553,'5234646880','71685369',20,12,4,4,4,24,11),(1554,'5234493840','6048485050',25,5,6,6,1,26,167),(1555,'5192102760','6048485049',25,12,6,6,3,26,167),(1556,'5234908910','6048485048',23,12,1,1,6,26,167),(1557,'5217721080','7009321885',1,12,6,6,3,25,166),(1558,'5234884650','7009321967',1,12,6,6,3,25,166),(1559,'5234908920','6048485051',23,12,1,1,6,26,167),(1560,'5144893300','7009325266',1,12,6,6,3,25,166),(1561,'5224482590','7009321928',1,12,6,6,5,25,166),(1562,'5234774740','6048485052',25,12,6,6,3,26,167),(1563,'5179904610','6048485054',25,12,6,6,1,26,167),(1564,'5233809860','6048485053',25,12,6,6,3,26,167),(1565,'5218627900','71391955',3,12,9,9,3,7,72),(1566,'0','71512486',19,12,5,5,6,12,46),(1567,'5204555010','7009321916',1,12,6,6,5,25,166),(1568,'5234953550','6048485055',23,12,1,1,6,26,167),(1569,'5234919340','72159252',6,12,5,5,3,8,122),(1570,'5208384800','6048485056',24,12,3,3,5,26,167),(1571,'5017396490','7009325268',1,12,6,6,4,25,166),(1572,'5234908930','6048485057',23,12,1,1,6,26,167),(1573,'5200995650','71915850',21,12,4,4,4,10,41),(1574,'5214517040','6048485058',23,12,1,1,6,26,167),(1575,'5233441520','7009325263',1,12,6,6,1,25,166),(1576,'5199728780','7009321893',1,12,6,6,5,25,166),(1577,'5233589870','7009321956',1,12,6,6,5,25,166),(1578,'5218663340','6048485060',25,12,6,6,5,26,167),(1579,'5225810420','6048485059',23,12,1,1,6,26,167),(1580,'5233286900','6048485062',23,12,1,1,6,26,167),(1581,'5228080980','6048485061',24,12,3,3,1,26,167),(1582,'5231404040','7009321882',1,12,6,6,3,25,166),(1583,'5234895320','6048485063',25,9,6,6,5,26,167),(1584,'5204422350','7009321867',1,12,6,6,5,25,166),(1585,'5233902360','6048485064',24,12,3,3,3,26,167),(1586,'5165088700','72178320',19,12,5,5,4,11,59),(1587,'5234917910','71391956',3,12,9,9,3,7,72),(1588,'5230797500','7009321921',1,12,6,6,5,25,166),(1589,'5234908940','6048485065',23,17,1,1,6,26,167),(1590,'5234884590','7009321939',1,12,6,6,5,25,166),(1591,'5234884560','7009321927',1,12,6,6,3,25,166),(1592,'5204867780','72178336',19,12,5,5,1,11,59),(1593,'5112873250','6048485066',25,12,6,6,4,26,167),(1594,'5234192450','72164212',21,12,4,4,3,21,66),(1595,'5232892030','7009321813',1,12,6,6,1,25,166),(1596,'5234192450','72164213',20,12,4,4,3,21,66),(1597,'5234884490','7009321901',1,12,6,6,4,25,166),(1598,'5207860870','6048485067',24,12,3,3,1,26,167),(1599,'5234918450','71717731',21,12,4,4,5,24,132),(1600,'5234540780','72178338',19,16,5,5,4,11,59),(1601,'5234958100','7009321818',1,12,6,6,5,25,166),(1602,'5234884480','7009321900',1,12,6,6,5,25,166),(1603,'5204000160','7009321918',1,12,6,6,5,25,166),(1604,'5234908950','6048485068',23,12,1,1,6,26,167),(1605,'5234898680','7009323508',1,12,6,6,5,25,166),(1606,'5220545630','7009321828',1,12,6,6,3,25,166),(1607,'5215007860','6048485069',24,12,3,3,1,26,167),(1608,'5234514220','7009321879',1,12,6,6,3,25,166),(1609,'5235140060','7009321917',1,12,6,6,1,25,166),(1610,'5226071290','7009321968',1,12,6,6,3,25,166),(1611,'5207521230','7009321837',1,12,6,6,5,25,166),(1612,'5216962440','7009321947',1,12,6,6,3,25,166),(1613,'5233900050','7009321919',1,12,6,6,5,25,166),(1614,'5234624110','6048485070',25,12,6,6,5,26,167),(1615,'5110927270','71915443',21,12,4,4,1,10,111),(1616,'5211508660','71657674',21,12,4,4,1,24,114),(1617,'5230440820','71685370',21,16,4,4,4,24,11),(1618,'5234908960','6048485072',23,12,1,1,6,26,167),(1619,'5235025150','6048485073',23,12,1,1,6,26,167),(1620,'5234982990','6048485074',24,12,3,3,4,26,167),(1621,'5234383340','7009322950',1,12,6,6,3,25,166),(1622,'5234884690','7009321979',1,12,6,6,5,25,166),(1623,'5235167180','7009321972',1,12,6,6,1,25,166),(1624,'0','71520839',12,16,4,4,6,9,35),(1625,'5235493260','7009321973',1,12,6,6,3,25,166),(1626,'5186424830','6048485075',25,12,6,6,5,26,167),(1627,'5235023290','7009321812',1,12,6,6,3,25,166),(1628,'5200694390','7009321894',1,12,6,6,5,25,166),(1629,'5233157680','71925403',21,12,4,4,1,24,23),(1630,'0','72154450',19,12,5,5,6,1,65),(1631,'5231639740','6048485076',25,12,6,6,3,26,167),(1632,'5212224020','7009321945',1,12,6,6,3,25,166),(1633,'5233218900','71910188',5,12,6,6,3,20,91),(1634,'5229996820','71910189',5,12,6,6,1,20,91),(1635,'5185393460','71763674',19,12,5,5,5,14,81),(1636,'0','71535370',6,12,5,5,6,19,83),(1637,'5235371000','71925404',21,12,4,4,1,24,23),(1638,'5207057870','6048485078',24,12,3,3,1,26,167),(1639,'5227098900','7009323498',1,12,6,6,5,25,166),(1640,'5234487370','6048485077',23,12,1,1,6,26,167),(1641,'5236817130','71519988',13,12,4,4,4,9,94),(1642,'5234958900','7009323514',1,12,6,6,1,25,166),(1643,'5206995330','7009321949',1,12,6,6,5,25,166),(1644,'5233283850','7009321897',1,12,6,6,4,25,166),(1645,'5231191660','71910190',5,12,6,6,5,20,91),(1646,'5234603940','71910192',5,12,6,6,5,20,91),(1647,'5234948380','71910191',5,12,6,6,5,20,91),(1648,'5229237690','6048485081',25,12,6,6,5,26,167),(1649,'5234953560','6048485080',23,12,1,1,6,26,167),(1650,'5194861600','7009323589',1,12,6,6,4,25,166),(1651,'5234732910','7009321846',1,12,6,6,5,25,166),(1652,'5208622090','71717732',21,12,4,4,6,24,132),(1653,'5234483740','7009323506',1,12,6,6,3,25,166),(1654,'5185062760','7009321983',1,12,6,6,3,25,166),(1655,'5211845280','6048485082',25,12,6,6,3,26,167),(1656,'5233279310','7009335561',1,12,6,6,3,25,166),(1657,'5231613490','6048485084',23,12,1,1,6,26,167),(1658,'5234202110','6048485083',25,17,6,6,4,26,167),(1659,'5233793240','7009321819',1,12,6,6,3,25,166),(1660,'5234908970','6048485085',23,12,1,1,6,26,167),(1661,'5234885180','7009322258',1,12,6,6,3,25,166),(1662,'5232048570','6048485087',25,12,6,6,1,26,167),(1663,'5207006930','7009322641',1,12,6,6,5,25,166),(1664,'5235170180','71925405',3,12,9,9,1,24,23),(1665,'5234191970','6048485086',24,12,3,3,4,26,167),(1666,'5232611990','7009321822',1,12,6,6,3,25,166),(1667,'5234953570','6048485088',23,12,1,1,6,26,167),(1668,'5234884680','7009321978',1,12,6,6,5,25,166),(1669,'5225121910','71717733',21,12,4,4,4,24,132),(1670,'5235023440','7009322851',1,12,6,6,5,25,166),(1671,'5230397990','6048485089',25,12,6,6,4,26,167),(1672,'5223868220','6048485091',25,12,6,6,1,26,167),(1673,'5187988480','7009323502',1,12,6,6,3,25,166),(1674,'5234908980','6048485090',23,12,1,1,6,26,167),(1675,'5234908990','6048485092',23,6,1,1,6,26,167),(1676,'5174922000','7009322259',1,12,6,6,1,25,166),(1677,'0','71717735',7,12,7,8,6,24,132),(1678,'5228113840','71717734',21,12,4,4,5,24,132),(1679,'5233015400','7009321980',1,12,6,6,1,25,166),(1680,'5201525540','7009321886',1,12,6,6,4,25,166),(1681,'5233861610','6048485094',24,12,3,3,1,26,167),(1682,'5231601500','6048485093',23,12,1,1,6,26,167),(1683,'5182026350','7009321904',1,12,6,6,1,25,166),(1684,'5234487740','6048485096',23,12,1,1,6,26,167),(1685,'5201338980','6048485095',24,12,3,3,1,26,167),(1686,'5220776180','7009321943',1,12,6,6,5,25,166),(1687,'5234757020','6048485099',25,12,6,6,4,26,167),(1688,'5234909000','6048485097',23,12,1,1,6,26,167),(1689,'5234354300','6048485098',25,12,6,6,4,26,167),(1690,'5234884700','7009321984',1,12,6,6,4,25,166),(1691,'5228840130','71793735',8,12,7,8,5,18,68),(1692,'5158338840','7009321902',1,12,6,6,3,25,166),(1693,'5211828970','71717736',21,12,4,4,3,24,132),(1694,'5204731410','7009321961',1,12,6,6,5,25,166),(1695,'5234909010','6048485100',23,12,1,1,6,26,167),(1696,'5189406220','71898702',7,12,7,8,5,3,163),(1697,'5234884350','7009321825',1,16,6,6,3,25,166),(1698,'5071187900','6048485101',24,12,3,3,1,26,167),(1699,'5231361360','71525617',3,12,9,9,5,9,88),(1700,'5225409790','7009321915',1,12,6,6,5,25,166),(1701,'5234884630','7009321954',1,12,6,6,5,25,166),(1702,'5234474830','7009321881',1,12,6,6,3,25,166),(1703,'5230851490','7009325269',1,12,6,6,5,25,166),(1704,'5189406220','71898703',21,12,4,4,1,3,163),(1705,'5229943380','7009321937',1,12,6,6,3,25,166),(1706,'5232393420','6048485102',23,12,1,1,6,26,167),(1707,'5231567120','6048485103',23,12,1,1,6,26,167),(1708,'5234886910','7009323357',1,12,6,6,5,25,166),(1709,'5139011130','7009321957',1,12,6,6,4,25,166),(1710,'5231680720','71925406',5,12,6,6,6,24,23),(1711,'5232183000','6048485105',23,12,1,1,6,26,167),(1712,'5231928970','7009321865',1,17,6,6,3,25,166),(1713,'5234958110','7009321829',1,12,6,6,5,25,166),(1714,'5235550190','7009321963',1,12,6,6,2,25,166),(1715,'5234909020','6048485106',23,12,1,1,6,26,167),(1716,'5201550270','71925877',21,12,4,4,3,24,22),(1717,'5234910350','6048485107',23,12,1,1,6,26,167),(1718,'5234909030','6048485109',23,12,1,1,6,26,167),(1719,'5234958180','7009321985',1,12,6,6,5,25,166),(1720,'5231759610','7009321958',1,12,6,6,1,25,166),(1721,'5235101390','6048485108',25,12,6,6,2,26,167),(1722,'5046934050','71885976',10,12,6,6,3,17,75),(1723,'5159673210','6048485111',23,12,1,1,6,26,167),(1724,'5223077520','7009321874',1,12,6,6,3,25,166),(1725,'5221416470','6048485112',25,12,6,6,1,26,167),(1726,'5221915500','6048485110',25,12,6,6,3,26,167),(1727,'5214324380','6048485113',25,12,6,6,1,26,167),(1728,'5234909040','6048485128',23,12,1,1,6,26,167),(1729,'5220652950','6048485127',25,12,6,6,3,26,167),(1730,'5234884670','7009321974',1,12,6,6,1,25,166),(1731,'5234884330','7009321816',1,12,6,6,1,25,166),(1732,'5229623320','7009321820',1,12,6,6,5,25,166),(1733,'5222710510','6048485114',25,12,6,6,5,26,167),(1734,'5234909050','6048485116',23,17,1,1,6,26,167),(1735,'5161425730','7009321875',1,12,6,6,3,25,166),(1736,'5138721400','6048485118',23,12,1,1,6,26,167),(1737,'5234909060','6048485115',23,12,1,1,6,26,167),(1738,'5235412020','7009324690',1,18,6,6,3,25,166),(1739,'5222001380','7009321814',1,12,6,6,5,25,166),(1740,'5235493690','6048485119',23,12,1,1,6,26,167),(1741,'5230849620','6048485120',23,12,1,1,6,26,167),(1742,'5213851460','71925878',21,12,4,4,5,24,22),(1743,'5190515850','6048485121',25,12,6,6,3,26,167),(1744,'5227221490','6048485122',25,12,6,6,5,26,167),(1745,'5234909070','6048485123',23,12,1,1,6,26,167),(1746,'5234958130','7009321863',1,12,6,6,5,25,166),(1747,'5231647470','6048485124',25,12,6,6,4,26,167),(1748,'5161137340','71789709',21,12,4,4,3,18,19),(1749,'0','72159253',20,12,4,4,6,8,122),(1750,'0','72159254',20,12,4,4,6,8,122),(1751,'5229712540','6048485130',25,12,6,6,5,26,167),(1752,'5235121000','7009321986',1,12,6,6,1,25,166),(1753,'5234884430','7009321871',1,12,6,6,3,25,166),(1754,'5234898700','7009323513',1,12,6,6,3,25,166),(1755,'5231895860','6048485129',23,12,1,1,6,26,167),(1756,'5234953580','6048485132',23,12,1,1,6,26,167),(1757,'5199505460','6048485133',25,12,6,6,3,26,167),(1758,'5233924700','6048485134',25,12,6,6,4,26,167),(1759,'5234387970','6048485135',24,12,3,3,3,26,167),(1760,'5234884460','7009321895',1,17,6,6,5,25,166),(1761,'5230047260','6048485138',25,12,6,6,1,26,167),(1762,'5212660880','7009321830',1,12,6,6,1,25,166),(1763,'5234910400','6048485137',23,12,1,1,6,26,167),(1764,'5235025160','6048485136',23,12,1,1,6,26,167),(1765,'5193967540','6048485139',25,12,6,6,3,26,167),(1766,'5234377160','6048485140',23,16,1,1,6,26,167),(1767,'5234918930','71915767',19,12,5,5,5,10,24),(1768,'5211775880','6048485141',24,12,3,3,5,26,167),(1769,'5232384430','7009321975',1,12,6,6,2,25,166),(1770,'5223143630','7009321924',1,17,6,6,5,25,166),(1771,'5235814790','7009323515',1,12,6,6,1,25,166),(1772,'5202470530','6048485142',24,12,3,3,5,26,167),(1773,'5224141910','7009321923',1,12,6,6,5,25,166),(1774,'5022701340','7009325271',1,12,6,6,1,25,166),(1775,'5209972910','7009322852',1,12,6,6,5,25,166),(1776,'5234898670','7009323503',1,12,6,6,5,25,166),(1777,'5229938240','6048485143',25,12,6,6,4,26,167),(1778,'5234884710','7009321987',1,12,6,6,3,25,166),(1779,'5165492360','7009321964',1,12,6,6,4,25,166),(1780,'5234898690','7009323511',1,12,6,6,3,25,166),(1781,'5207814830','6048485144',25,12,6,6,5,26,167),(1782,'5234948440','71915768',19,12,5,5,5,10,24),(1783,'5209054910','6048485145',24,12,3,3,3,26,167),(1784,'5232066850','6048485147',25,12,6,6,4,26,167),(1785,'5231462620','6048485146',24,12,3,3,5,26,167),(1786,'5183903390','6048485148',25,12,6,6,5,26,167),(1787,'5234232900','6048485149',24,12,3,3,3,26,167),(1788,'5217686960','6048485152',23,12,1,1,6,26,167),(1789,'5222349980','6048485151',25,12,6,6,5,26,167),(1790,'5234110220','6048485150',23,12,1,1,6,26,167),(1791,'5234207150','7009321827',1,16,6,6,3,25,166),(1792,'5214913670','6048485154',25,12,6,6,1,26,167),(1793,'5234958150','7009321910',1,12,6,6,1,25,166),(1794,'5229564640','7009322855',1,12,6,6,5,25,166),(1795,'5234958120','7009321840',1,12,6,6,3,25,166),(1796,'5210881300','7009321842',1,12,6,6,1,25,166),(1797,'5206383470','6048485155',23,12,1,1,6,26,167),(1798,'5232882930','6048485156',23,12,1,1,6,26,167),(1799,'5230650870','71526510',21,12,4,4,1,9,25),(1800,'5230627280','7009322648',1,12,6,6,5,25,166),(1801,'5211027370','6048485157',25,12,6,6,5,26,167),(1802,'5222553480','6048485158',25,12,6,6,3,26,167),(1803,'0','71883920',8,12,7,8,6,21,161),(1804,'5227281970','6048485159',24,12,3,3,4,26,167),(1805,'5232470030','6048485160',25,12,6,6,1,26,167),(1806,'5229130950','7009321841',1,12,6,6,1,25,166),(1807,'5217012630','7009323509',1,12,6,6,4,25,166),(1808,'5234884360','7009321831',1,12,6,6,1,25,166),(1809,'5173018690','6048485162',24,12,3,3,5,26,167),(1810,'5138721400','6048485161',25,12,6,6,5,26,167),(1811,'5237436900','7009322140',1,12,6,6,4,25,166),(1812,'5228238570','6048485164',25,12,6,6,3,26,167),(1813,'5234909080','6048485163',23,12,1,1,6,26,167),(1814,'5234859780','6048485166',25,12,6,6,5,26,167),(1815,'5235823670','6048485165',25,12,6,6,3,26,167),(1816,'5234909090','6048485168',23,12,1,1,6,26,167),(1817,'5226251010','7009322853',1,12,6,6,5,25,166),(1818,'5228246570','6048485169',25,12,6,6,5,26,167),(1819,'5232474300','6048485170',23,12,1,1,6,26,167),(1820,'5234505140','6048485167',24,12,3,3,4,26,167),(1821,'5233608880','7009321898',1,12,6,6,3,25,166),(1822,'5230686340','6048485171',25,12,6,6,1,26,167),(1823,'5181976190','71674359',21,12,4,4,5,24,78),(1824,'5234909100','6048485172',25,12,6,6,5,26,167),(1825,'5234918400','71677214',21,12,4,4,3,24,10),(1826,'5213875510','7009321936',1,12,6,6,3,25,166),(1827,'5226786490','71677213',21,12,4,4,5,24,152),(1828,'5169781660','71677212',21,12,4,4,3,24,10),(1829,'5232452090','7009321960',1,12,6,6,1,25,166),(1830,'5208661580','6048485173',25,12,6,6,3,26,167),(1831,'5232672830','71885694',19,12,5,5,3,17,124),(1832,'5234953590','6048485174',23,12,1,1,6,26,167),(1833,'5164449240','7009321876',1,12,6,6,5,25,166),(1834,'5234807850','71796133',21,12,4,4,2,15,157),(1835,'5176123780','7009321887',1,12,6,6,5,25,166),(1836,'5229805220','7009321817',1,12,6,6,1,25,166),(1837,'5234884340','7009321823',1,15,6,6,1,25,166),(1838,'5212033050','7009321884',1,12,6,6,1,25,166),(1839,'5230960440','6048485176',25,12,6,6,1,26,167),(1840,'5228012460','7009321913',1,12,6,6,1,25,166),(1841,'5232715170','6048485178',25,12,6,6,4,26,167),(1842,'5233919710','6048485175',25,12,6,6,1,26,167),(1843,'5226904030','6048485177',25,12,6,6,1,26,167),(1844,'5202532800','71477346',21,12,4,4,6,24,47),(1845,'5220793350','6048485179',25,12,6,6,1,26,167),(1846,'5237716820','6048485180',23,12,1,1,6,26,167),(1847,'5232520750','6048485181',25,12,6,6,3,26,167),(1848,'5234884640','7009321959',1,12,6,6,3,25,166),(1849,'5234495160','71901422',18,12,6,6,3,3,51),(1850,'5163435340','6048485184',25,12,6,6,2,26,167),(1851,'0','71477345',21,12,4,4,6,24,47),(1852,'5187863350','6048485182',25,12,6,6,3,26,167),(1853,'5234909120','6048485183',23,12,1,1,6,26,167),(1854,'5220064950','7009321922',1,12,6,6,3,25,166),(1855,'5234780890','6048485186',23,12,1,1,6,26,167),(1856,'5234909130','6048485185',23,12,1,1,6,26,167),(1857,'5224673790','71677215',21,12,4,4,4,24,152),(1858,'5215041540','6048485187',25,12,6,6,5,26,167),(1859,'5202890650','71674360',21,12,4,4,5,24,78),(1860,'5234591990','71795137',7,12,7,8,4,15,39),(1861,'5235025170','6048485188',23,12,1,1,6,26,167),(1862,'5234909140','6048485190',23,12,1,1,6,26,167),(1863,'5084737550','6048485194',25,12,6,6,3,26,167),(1864,'5195971060','6048485192',25,12,6,6,5,26,167),(1865,'5226193420','6048485193',25,12,6,6,1,26,167),(1866,'5210972830','71677216',20,12,4,4,3,24,10),(1867,'5235019500','7009322649',1,12,6,6,3,25,166),(1868,'5206601880','6048485195',25,12,6,6,3,26,167),(1869,'5158206380','71362278',7,12,7,8,3,21,158),(1870,'5189197690','6048485196',25,12,6,6,5,26,167),(1871,'5226274000','6048485199',24,12,3,3,3,26,167),(1872,'5227274340','6048485198',24,12,3,3,3,26,167),(1873,'5232650670','6048485201',25,12,6,6,1,26,167),(1874,'5235476670','6048485202',23,13,1,1,6,26,167),(1875,'5217406460','71773807',3,12,9,9,1,12,137),(1876,'5223617700','7009321888',1,12,6,6,5,25,166),(1877,'5199119910','7009321942',1,12,6,6,1,25,166),(1878,'5234958170','7009321941',1,12,6,6,1,25,166),(1879,'5215224400','71477348',21,12,4,4,3,24,47),(1880,'5023970680','6048485203',25,12,6,6,2,26,167),(1881,'5234909910','6048485204',23,12,1,1,6,26,167),(1882,'5213854020','6048485205',25,12,6,6,1,26,167),(1883,'5233446830','7009321977',1,12,6,6,4,25,166),(1884,'5235552810','6048485206',25,12,6,6,2,26,167),(1885,'5234898530','6048485207',23,12,1,1,6,26,167),(1886,'5234915390','7009325262',1,12,6,6,1,25,166),(1887,'5229663780','6048491731',24,12,3,3,4,26,167),(1888,'5234884370','7009321832',1,12,6,6,5,25,166),(1889,'5231324190','6048485208',23,12,1,1,6,26,167),(1890,'5234890960','6048485209',24,12,3,3,5,26,167),(1891,'5186495640','7009321925',1,12,6,6,3,25,166),(1892,'5211224970','7009321940',1,12,6,6,5,25,166),(1893,'5235617470','6048485215',25,12,6,6,4,26,167),(1894,'5058030600','6048485212',23,4,1,1,6,26,167),(1895,'5213984720','7009323497',1,12,6,6,3,25,166),(1896,'5233749250','7009323493',1,12,6,6,3,25,166),(1897,'5231906040','6048485210',24,12,3,3,4,26,167),(1898,'5234909150','6048485211',23,12,1,1,6,26,167),(1899,'5121428200','7009321843',1,12,6,6,4,25,166),(1900,'5235025180','7009321824',1,12,6,6,3,25,166),(1901,'5232366210','7009321953',1,12,6,6,3,25,166),(1902,'5224676100','7009321862',1,12,6,6,3,25,166),(1903,'5226983590','7009322951',1,12,6,6,4,25,166),(1904,'5179951690','6048485216',23,12,1,1,6,26,167),(1905,'5204679310','6048485213',23,12,1,1,6,26,167),(1906,'0','69421397',21,12,4,4,6,24,100),(1907,'5198326610','6048486524',25,12,6,6,3,26,167),(1908,'5231288970','6048485214',25,12,6,6,3,26,167),(1909,'5227440920','6048485217',25,12,6,6,3,26,167),(1910,'5076805190','6048486525',24,12,3,3,5,26,167),(1911,'5235025180','6048485218',23,12,1,1,6,26,167),(1912,'5234888630','6048485219',23,12,1,1,6,26,167),(1913,'5234863130','6048485220',23,12,1,1,6,26,167),(1914,'5213307270','6048485221',25,12,6,6,3,26,167),(1915,'5234884410','7009321859',1,12,6,6,3,25,166),(1916,'5211324700','6048485223',25,12,6,6,1,26,167),(1917,'5234909160','6048485222',23,12,1,1,6,26,167),(1918,'5235257950','71978183',15,12,8,7,3,8,14),(1919,'5236467990','6048485225',25,12,6,6,4,26,167),(1920,'5229693070','7009323517',1,12,6,6,4,25,166),(1921,'5233389420','6048485224',25,12,6,6,1,26,167),(1922,'5234909170','6048485227',23,12,1,1,6,26,167),(1923,'5226295090','7009321860',1,12,6,6,4,25,166),(1924,'5229954440','6048485229',24,12,3,3,3,26,167),(1925,'5214648670','6048485228',23,12,1,1,6,26,167),(1926,'5234532850','6048485230',25,12,6,6,5,26,167),(1927,'5222609410','6048485231',23,12,1,1,6,26,167),(1928,'5230114340','7009321889',1,12,6,6,1,25,166),(1929,'5233102570','7009325267',1,12,6,6,4,25,166),(1930,'5212627570','6048485232',24,12,3,3,4,26,167),(1931,'5230404010','6048485233',25,12,6,6,1,26,167),(1932,'5234909180','6048485234',23,12,1,1,6,26,167),(1933,'5114570730','6048485235',25,12,6,6,3,26,167),(1934,'5230713140','7009323516',1,12,6,6,3,25,166),(1935,'5231115100','7009321864',1,12,6,6,5,25,166),(1936,'5232457960','6048485236',24,12,3,3,5,26,167),(1937,'5234721850','7009321844',1,12,6,6,4,25,166),(1938,'5237435190','6048485237',25,12,6,6,4,26,167),(1939,'5234909190','6048485239',23,12,1,1,6,26,167),(1940,'5044066590','7009321931',1,12,6,6,3,25,166),(1941,'5228082250','6048485240',25,12,6,6,1,26,167),(1942,'5233787020','6048485238',25,12,6,6,1,26,167),(1943,'5234909200','6048485241',23,12,1,1,6,26,167),(1944,'5231289130','6048485243',25,12,6,6,5,26,167),(1945,'5208503140','7009321911',1,12,6,6,1,25,166),(1946,'5195601280','71484632',21,12,4,4,3,4,21),(1947,'5190955400','6048485242',25,12,6,6,5,26,167),(1948,'5230233340','7009321866',1,12,6,6,4,25,166),(1949,'5230870380','71529871',21,16,4,4,3,9,25),(1950,'5067608420','6048485246',25,12,6,6,4,26,167),(1951,'5229200140','6048485244',25,12,6,6,3,26,167),(1952,'5233429370','6048485245',24,12,3,3,5,26,167),(1953,'5235024420','7009323512',1,12,6,6,3,25,166),(1954,'5233910570','6048485247',25,12,6,6,4,26,167),(1955,'5234958420','7009322481',1,12,6,6,3,25,166),(1956,'5231292740','6048485248',25,12,6,6,4,26,167),(1957,'5215549180','7009323537',1,16,6,6,5,25,166),(1958,'5232494350','6048485249',23,12,1,1,6,26,167),(1959,'5235167170','7009321839',1,12,6,6,5,25,166),(1960,'5195788020','7009321821',1,12,6,6,5,25,166),(1961,'5234884470','7009321896',1,12,6,6,1,25,166),(1962,'5234909210','6048485252',23,17,1,1,6,26,167),(1963,'5202109100','6048485253',25,12,6,6,1,26,167),(1964,'5179366540','7009321890',1,12,6,6,1,25,166),(1965,'5236478850','6048485254',23,12,1,1,6,26,167),(1966,'5124574360','7009321946',1,12,6,6,3,25,166),(1967,'0','71885977',10,12,6,6,6,17,75),(1968,'5234884550','7009321926',1,12,6,6,3,25,166),(1969,'5187263020','6048485255',25,12,6,6,5,26,167),(1970,'5194096050','6048485257',25,12,6,6,1,26,167),(1971,'5209912340','7009321920',1,12,6,6,5,25,166),(1972,'5229406670','6048485256',24,12,3,3,5,26,167),(1973,'5234909230','6048485258',23,12,1,1,6,26,167),(1974,'5225079260','7009321845',1,12,6,6,3,25,166),(1975,'5175396300','6048485260',25,12,6,6,1,26,167),(1976,'5228511390','6048485259',25,12,6,6,1,26,167),(1977,'5209715220','6048485261',24,12,3,3,5,26,167),(1978,'5230295990','6048485262',25,12,6,6,3,26,167),(1979,'5188870090','71647722',16,12,7,8,4,14,107),(1980,'5237017750','7009321969',1,12,6,6,2,25,166),(1981,'5232404030','6048485263',23,12,1,1,6,26,167),(1982,'5225231790','6048485264',25,12,6,6,1,26,167),(1983,'5234376240','6048485265',25,12,6,6,1,26,167),(1984,'5235021180','7009322650',1,12,6,6,3,25,166),(1985,'5226763860','6048485266',25,12,6,6,5,26,167),(1986,'5234909240','6048485267',23,12,1,1,6,26,167),(1987,'5232266700','6048485268',25,12,6,6,3,26,167),(1988,'5228912500','6048485269',23,12,1,1,6,26,167),(1989,'5234909250','6048485271',23,16,1,1,6,26,167),(1990,'5227873500','6048485272',23,7,1,1,6,26,167),(1991,'5235493700','6048485270',23,12,1,1,6,26,167),(1992,'5227431080','6048485275',25,12,6,6,3,26,167);
/*!40000 ALTER TABLE `citations` ENABLE KEYS */;
UNLOCK TABLES;

--
-- Table structure for table `fine_level_1`
--

DROP TABLE IF EXISTS `fine_level_1`;
/*!40101 SET @saved_cs_client     = @@character_set_client */;
/*!50503 SET character_set_client = utf8mb4 */;
CREATE TABLE `fine_level_1` (
  `fine_level1_id` int NOT NULL AUTO_INCREMENT,
  `fine_level1_amount` varchar(50) NOT NULL,
  PRIMARY KEY (`fine_level1_id`)
) ENGINE=InnoDB AUTO_INCREMENT=11 DEFAULT CHARSET=utf8mb4 COLLATE=utf8mb4_0900_ai_ci;
/*!40101 SET character_set_client = @saved_cs_client */;

--
-- Dumping data for table `fine_level_1`
--

LOCK TABLES `fine_level_1` WRITE;
/*!40000 ALTER TABLE `fine_level_1` DISABLE KEYS */;
INSERT INTO `fine_level_1` VALUES (1,'0'),(2,'25'),(3,'35'),(4,'60'),(5,'75'),(6,'100'),(7,'150'),(8,'200'),(9,'250'),(10,'300');
/*!40000 ALTER TABLE `fine_level_1` ENABLE KEYS */;
UNLOCK TABLES;

--
-- Table structure for table `fine_level_2`
--

DROP TABLE IF EXISTS `fine_level_2`;
/*!40101 SET @saved_cs_client     = @@character_set_client */;
/*!50503 SET character_set_client = utf8mb4 */;
CREATE TABLE `fine_level_2` (
  `fine_level2_id` int NOT NULL AUTO_INCREMENT,
  `fine_level2_amount` varchar(50) NOT NULL,
  PRIMARY KEY (`fine_level2_id`)
) ENGINE=InnoDB AUTO_INCREMENT=11 DEFAULT CHARSET=utf8mb4 COLLATE=utf8mb4_0900_ai_ci;
/*!40101 SET character_set_client = @saved_cs_client */;

--
-- Dumping data for table `fine_level_2`
--

LOCK TABLES `fine_level_2` WRITE;
/*!40000 ALTER TABLE `fine_level_2` DISABLE KEYS */;
INSERT INTO `fine_level_2` VALUES (1,'0'),(2,'50'),(3,'70'),(4,'120'),(5,'150'),(6,'200'),(7,'250'),(8,'300'),(9,'500'),(10,'600');
/*!40000 ALTER TABLE `fine_level_2` ENABLE KEYS */;
UNLOCK TABLES;

--
-- Table structure for table `license_plates`
--

DROP TABLE IF EXISTS `license_plates`;
/*!40101 SET @saved_cs_client     = @@character_set_client */;
/*!50503 SET character_set_client = utf8mb4 */;
CREATE TABLE `license_plates` (
  `license_plate_id` int NOT NULL AUTO_INCREMENT,
  `license_plate_type` varchar(50) NOT NULL,
  PRIMARY KEY (`license_plate_id`)
) ENGINE=InnoDB AUTO_INCREMENT=19 DEFAULT CHARSET=utf8mb4 COLLATE=utf8mb4_0900_ai_ci;
/*!40101 SET character_set_client = @saved_cs_client */;

--
-- Dumping data for table `license_plates`
--

LOCK TABLES `license_plates` WRITE;
/*!40000 ALTER TABLE `license_plates` DISABLE KEYS */;
INSERT INTO `license_plates` VALUES (1,'BRS'),(2,'BUL'),(3,'CBK'),(4,'CUB'),(5,'DLC'),(6,'DOM'),(7,'ELE'),(8,'FFM'),(9,'HCP'),(10,'IPN'),(11,'LIV'),(12,'PAS'),(13,'PFR'),(14,'PTR'),(15,'SOX'),(16,'TMP'),(17,'TRK'),(18,'TXI');
/*!40000 ALTER TABLE `license_plates` ENABLE KEYS */;
UNLOCK TABLES;

--
-- Table structure for table `locations`
--

DROP TABLE IF EXISTS `locations`;
/*!40101 SET @saved_cs_client     = @@character_set_client */;
/*!50503 SET character_set_client = utf8mb4 */;
CREATE TABLE `locations` (
  `location_id` int NOT NULL AUTO_INCREMENT,
  `violation_location` varchar(100) NOT NULL,
  `zip_code` varchar(50) NOT NULL,
  PRIMARY KEY (`location_id`)
) ENGINE=InnoDB AUTO_INCREMENT=1993 DEFAULT CHARSET=utf8mb4 COLLATE=utf8mb4_0900_ai_ci;
/*!40101 SET character_set_client = @saved_cs_client */;

--
-- Dumping data for table `locations`
--

LOCK TABLES `locations` WRITE;
/*!40000 ALTER TABLE `locations` DISABLE KEYS */;
INSERT INTO `locations` VALUES (1,'3956 N CENTRAL','20772'),(2,'30 W 87TH STREET','37166'),(3,'1334 W GARFIELD BLVD','38118'),(4,'1901 E 75TH ST','38344'),(5,'10318 S INDIANAPOLIS','38821'),(6,'1200 S CANAL STREET','40242'),(7,'5 W TERMINAL ST','45238'),(8,'142 E ONTARIO','46307'),(9,'7900 S STATE STREET','46312'),(10,'449 N COLUMBUS DR','46321'),(11,'10318 S INDIANAPOLIS','46410'),(12,'100 W CHICAGO AVENUE','48111'),(13,'9618 S EWING AVE','48170'),(14,'5024 W PENSACOLA','48180'),(15,'18 W HUBBARD','48374'),(16,'627 W BUCKINGHAM PL','49017'),(17,'10318 S INDIANAPOLIS','49201'),(18,'100 W CHICAGO AVENUE','49503'),(19,'6400 N SHERIDAN ROAD','52233'),(20,'1 E 79TH STREET','52402'),(21,'3200 N KEDZIE AVE','53209'),(22,'200 W GARFIELD BLVD','55108'),(23,'2800 W DIVERSEY','60005'),(24,'500 N COLUMBUS DRIVE','60008'),(25,'5200 N NAGLE','60014'),(26,'6400 W DEVON AVENUE','60016'),(27,'2900 W OGDEN','60016'),(28,'3500 S WESTERN','60020'),(29,'1334 W GARFIELD BLVD','60022'),(30,'3646 W MADISON','60056'),(31,'6226 W IRVING PARK RD','60070'),(32,'3034 W FOSTER','60077'),(33,'6101 S WHIPPLE','60085'),(34,'4124 W FOSTER AVE','60085'),(35,'1600 W SHERWIN','60089'),(36,'1600 W SHERWIN','60089'),(37,'2457 S HAMLIN','60101'),(38,'848 W 87TH STREET','60103'),(39,'140 N ASHLAND','60103'),(40,'300 N HAMLIN AVENUE','60104'),(41,'4753 S PRAIRIE','60104'),(42,'241 E WALTON','60104'),(43,'3646 W MADISON','60104'),(44,'5500 S WESTERN AVE','60104'),(45,'1111 N HUMBOLDT','60108'),(46,'30 W 87TH STREET','60110'),(47,'4200 S CICERO AVENUE','60115'),(48,'6909 S KEDZIE','60115'),(49,'4436 N WESTERN','60123'),(50,'3137 W PETERSON','60123'),(51,'4123 N CENTRAL AVE','60124'),(52,'4753 S PRAIRIE','60130'),(53,'300 N HAMLIN AVENUE','60131'),(54,'4124 W FOSTER AVE','60137'),(55,'4800 W 47TH ST','60139'),(56,'6400 W DEVON AVENUE','60140'),(57,'4000 N PULASKI ROAD','60143'),(58,'400 S WESTERN AVENUE','60153'),(59,'210 E WALTON','60153'),(60,'10318 S INDIANAPOLIS','60153'),(61,'2348 S KOSTNER AVENUE','60153'),(62,'2912 W ROOSEVELT','60153'),(63,'1862 S MILLARD','60154'),(64,'400 N CENTRAL AVENUE','60155'),(65,'4338 N 21ST PL','60155'),(66,'4400 W NORTH','60162'),(67,'3646 W MADISON','60169'),(68,'536 E MORGAN DR','60171'),(69,'6000 W IRVING PARK ROAD','60176'),(70,'8020 W FOREST PRESERVE AV','60181'),(71,'5816 W JACKSON','60184'),(72,'2928 S HALSTED','60194'),(73,'400 W BELMONT AVE','60202'),(74,'141 N ASHLAND','60202'),(75,'450 N COLUMBUS DR','60302'),(76,'500 N COLUMBUS DRIVE','60302'),(77,'445 W 127TH','60302'),(78,'115 N OGDEN','60304'),(79,'4700 W IRVING PARK ROA','60402'),(80,'7100 S ASHLAND','60402'),(81,'6247 W FULLERTON','60402'),(82,'1334 W GARFIELD BLVD','60402'),(83,'1 E 79TH STREET','60409'),(84,'4700 W IRVING PARK ROA','60409'),(85,'8345 S ASHLAND AVE','60411'),(86,'3646 W MADISON','60411'),(87,'536 E MORGAN DR','60411'),(88,'3200 W 31ST STREET','60415'),(89,'7900 S HALSTED STREET','60415'),(90,'6600 S LAKE SHORE DRIVE','60419'),(91,'400 W BELMONT AVE','60419'),(92,'10318 S INDIANAPOLIS','60419'),(93,'3047 W JACKSON BLVD','60419'),(94,'1600 W 87TH ST','60419'),(95,'3843 S WESTERN','60419'),(96,'1315 W GARFIELD BLVD','60419'),(97,'3908 W ROOSEVELT','60419'),(98,'7422 S JEFFERY','60419'),(99,'536 E MORGAN DR','60426'),(100,'400 S WESTERN AVENUE','60426'),(101,'10318 S INDIANAPOLIS','60428'),(102,'6046 S LASALLE ST','60428'),(103,'445 W 127TH','60428'),(104,'11900 S HALSTED','60429'),(105,'10318 S INDIANAPOLIS','60429'),(106,'1600 E 79TH ST','60430'),(107,'5529 S WESTERN','60435'),(108,'5816 W JACKSON','60435'),(109,'506 S CENTRAL AVE','60435'),(110,'2426 N DAMEN AVE','60438'),(111,'5330 S COTTAGE GROVE','60438'),(112,'9500 S HALSTED STREET','60438'),(113,'445 W 127TH','60438'),(114,'800 W ROOSEVELT ROAD','60440'),(115,'1200 S CANAL STREET','60443'),(116,'340 W UPPER WACKER DR','60445'),(117,'1315 W GARFIELD BLVD','60445'),(118,'3200 N KEDZIE AVE','60445'),(119,'800 W ROOSEVELT ROAD','60452'),(120,'3137 W PETERSON','60452'),(121,'8700 S LAFAYETTE AVEN','60453'),(122,'3200 N KEDZIE AVE','60453'),(123,'10318 S INDIANAPOLIS','60453'),(124,'4130 W CULLERTON','60455'),(125,'2912 W ROOSEVELT','60459'),(126,'5947 S KOSTNER AVE','60459'),(127,'8345 S ASHLAND AVE','60466'),(128,'351 E OHIO','60471'),(129,'800 W ROOSEVELT ROAD','60471'),(130,'445 W 127TH','60472'),(131,'7900 S HALSTED STREET','60473'),(132,'8345 S ASHLAND AVE','60475'),(133,'2605 E 73RD','60478'),(134,'8318 S ASHLAND AVE','60478'),(135,'4800 W HARRISON STREET','60505'),(136,'3655 W JACKSON','60505'),(137,'100 N CICERO AVENUE','60506'),(138,'257 E DELAWARE','60516'),(139,'100 W CHICAGO AVENUE','60532'),(140,'1000 W HOLLYWOOD AVE','60538'),(141,'4433 N WESTERN','60545'),(142,'8700 S VINCENNES','60565'),(143,'11 E HUBBARD','60601'),(144,'259 E DELAWARE','60605'),(145,'4200 S CICERO AVENUE','60605'),(146,'1200 N HALSTED','60607'),(147,'4800 W NORTH AVENUE','60608'),(148,'3500 S WESTERN','60608'),(149,'1901 E 75TH ST','60608'),(150,'5529 S WESTERN','60608'),(151,'3843 S WESTERN','60608'),(152,'5520 S WESTERN','60608'),(153,'4200 S CICERO AVENUE','60608'),(154,'140 N ASHLAND','60608'),(155,'2000 S RACINE AVE','60608'),(156,'1607 W 21ST','60608'),(157,'324 S KEDZIE AVE','60608'),(158,'6354 S TROY','60609'),(159,'3843 S WESTERN','60609'),(160,'2080 W PERSHING','60609'),(161,'8318 S ASHLAND AVE','60609'),(162,'100 W CHICAGO AVENUE','60609'),(163,'1334 W GARFIELD BLVD','60609'),(164,'1142 W IRVING PARK','60610'),(165,'100 N CICERO AVENUE','60610'),(166,'115 N OGDEN','60610'),(167,'2400 W PETERSON','60611'),(168,'340 W UPPER WACKER DR','60612'),(169,'400 N CENTRAL AVENUE','60612'),(170,'2200 S PULASKI','60612'),(171,'800 N WESTERN AVE','60612'),(172,'100 N CICERO AVENUE','60612'),(173,'2400 W MADISON','60612'),(174,'2912 W ROOSEVELT','60612'),(175,'2815 N LEAVITT','60612'),(176,'2400 W MADISON','60612'),(177,'4400 N MILWAUKEE AVEN','60612'),(178,'3646 W MADISON','60612'),(179,'800 W ROOSEVELT ROAD','60612'),(180,'9618 S EWING AVE','60613'),(181,'10318 S INDIANAPOLIS','60613'),(182,'1142 W IRVING PARK','60613'),(183,'2400 N ASHLAND AVENUE','60614'),(184,'115 N OGDEN','60614'),(185,'8700 S LAFAYETTE AVEN','60615'),(186,'11100 S HALSTED ST','60615'),(187,'2400 W MADISON','60615'),(188,'8700 S LAFAYETTE AVEN','60615'),(189,'1315 W GARFIELD BLVD','60615'),(190,'312 E 50TH ST','60615'),(191,'10318 S INDIANAPOLIS','60615'),(192,'3843 S WESTERN','60615'),(193,'5330 S COTTAGE GROVE','60615'),(194,'2917 W ROOSEVELT','60616'),(195,'2900 S STATE ST','60616'),(196,'2900 S STATE ST','60616'),(197,'2964 S STATE ST','60616'),(198,'2645 S STATE ST','60616'),(199,'3100 S DR MARTIN L KING','60616'),(200,'6909 S KEDZIE','60616'),(201,'1 E 63RD ST','60617'),(202,'420 E 65TH ST','60617'),(203,'7900 S HALSTED STREET','60617'),(204,'9500 S JEFFERY AVE','60617'),(205,'800 W 79TH STREET','60617'),(206,'8700 S LAFAYETTE AVEN','60617'),(207,'9618 S EWING AVE','60617'),(208,'10318 S INDIANAPOLIS','60617'),(209,'500 N COLUMBUS DRIVE','60617'),(210,'4149 W 21ST ST','60617'),(211,'8345 S ASHLAND AVE','60617'),(212,'4200 S CICERO AVENUE','60617'),(213,'5330 S COTTAGE GROVE','60617'),(214,'10318 S INDIANAPOLIS','60617'),(215,'3843 S WESTERN','60617'),(216,'7600 S STONY ISLAND A','60617'),(217,'340 W UPPER WACKER DR','60617'),(218,'5520 S WESTERN','60617'),(219,'400 W BELMONT AVE','60618'),(220,'4700 W IRVING PARK ROA','60618'),(221,'3034 W FOSTER','60618'),(222,'8345 S ASHLAND AVE','60618'),(223,'6226 W IRVING PARK RD','60618'),(224,'2000 W DIVISION','60618'),(225,'8700 S LAFAYETTE AVEN','60619'),(226,'252 E WALTON','60619'),(227,'11155 S HALE','60619'),(228,'8700 S ASHLAND AVE','60619'),(229,'848 W 87TH STREET','60619'),(230,'1 E 79TH STREET','60619'),(231,'7900 S STATE STREET','60619'),(232,'1600 W 87TH ST','60619'),(233,'9500 S HALSTED STREET','60619'),(234,'5051 S ST LAWRENCE AVE','60619'),(235,'5051 S ST LAWRENCE AVE','60619'),(236,'628 N MICHIGAN AVE','60619'),(237,'10318 S INDIANAPOLIS','60619'),(238,'400 E 31ST STREET','60619'),(239,'2900 W OGDEN','60619'),(240,'1600 W 87TH ST','60620'),(241,'7812 S PAULINA','60620'),(242,'9500 S HALSTED STREET','60620'),(243,'412 E 65 ST','60620'),(244,'910 E 65TH ST','60620'),(245,'600 S CICERO AVENUE','60620'),(246,'445 W 127TH','60620'),(247,'1901 E 75TH ST','60620'),(248,'1600 W 87TH ST','60620'),(249,'8345 S ASHLAND AVE','60620'),(250,'6909 S KEDZIE','60620'),(251,'800 W 79TH STREET','60620'),(252,'1334 W GARFIELD BLVD','60620'),(253,'5520 S WESTERN','60620'),(254,'1600 W 87TH ST','60620'),(255,'536 E MORGAN DR','60620'),(256,'7600 S STONY ISLAND A','60620'),(257,'8318 S ASHLAND AVE','60620'),(258,'3047 W JACKSON BLVD','60620'),(259,'3100 W AUGUSTA','60620'),(260,'1000 W HOLLYWOOD AVE','60621'),(261,'400 S WESTERN AVENUE','60621'),(262,'5330 S COTTAGE GROVE','60621'),(263,'8318 S ASHLAND AVE','60621'),(264,'6510 S YALE','60621'),(265,'10318 S INDIANAPOLIS','60621'),(266,'6816 S CORNELL AVE','60621'),(267,'550 E 67TH ST','60621'),(268,'1 N HALSTED STREET','60621'),(269,'800 W 111TH ST','60621'),(270,'1315 W GARFIELD BLVD','60621'),(271,'1828 S HOYNE','60622'),(272,'1000 W HOLLYWOOD AVE','60622'),(273,'4200 S CICERO AVENUE','60622'),(274,'140 N ASHLAND','60622'),(275,'1 S WESTERN AVE','60623'),(276,'400 S WESTERN AVENUE','60623'),(277,'2000 N KEDZIE AVENUE','60623'),(278,'1660 S DRAKE','60623'),(279,'3600 N CICERO AVENUE','60623'),(280,'3843 S WESTERN','60623'),(281,'1223 S INDEPENDENCE','60623'),(282,'4221 W 21ST ST','60623'),(283,'4331 W 21ST ST','60623'),(284,'1605 S MILLARD AVE','60623'),(285,'1940 S RIDGEWAY','60623'),(286,'2200 S WESTERN AVENUE','60623'),(287,'1809 S HAMLIN','60623'),(288,'1852 S CENTRAL PARK','60623'),(289,'3655 W JACKSON','60623'),(290,'3515 W JACKSON','60623'),(291,'3900 W ROOSEVELT','60623'),(292,'140 N ASHLAND','60623'),(293,'2658 S KILDARE AVE','60623'),(294,'2600 S KEDZIE AVENUE','60623'),(295,'2658 S KEDVALE','60623'),(296,'4800 W CHICAGO AVENUE','60623'),(297,'2900 W OGDEN','60623'),(298,'2912 W ROOSEVELT','60623'),(299,'4200 S CICERO AVENUE','60624'),(300,'2200 S PULASKI','60624'),(301,'0 N HAMLIN BOULEVARD','60624'),(302,'2912 W ROOSEVELT','60624'),(303,'1245 S SPRINGFIELD','60624'),(304,'3911 W DIVERSEY AVE','60624'),(305,'6909 S KEDZIE','60624'),(306,'10318 S INDIANAPOLIS','60624'),(307,'4400 W GRAND AVE','60624'),(308,'2000 W DIVISION','60624'),(309,'2400 W CERMAK ROAD','60624'),(310,'400 S WESTERN AVENUE','60624'),(311,'100 N CICERO AVENUE','60624'),(312,'4738 S HALSTED','60624'),(313,'3600 N WESTERN AVENUE','60625'),(314,'6428 N TROY','60625'),(315,'233 W LAKE','60625'),(316,'3656 S PRAIRIE','60626'),(317,'4432 N LINCOLN','60626'),(318,'6700 S CORNELL DRIVE','60626'),(319,'1000 W HOLLYWOOD AVE','60626'),(320,'6400 N SHERIDAN ROAD','60626'),(321,'11900 S HALSTED','60628'),(322,'5025 S WABASH','60628'),(323,'1 E 63RD ST','60628'),(324,'6300 S STATE ST','60628'),(325,'320 E OHIO','60628'),(326,'11100 S HALSTED ST','60628'),(327,'6300 S WESTERN AVE','60628'),(328,'2800 N CICERO AVENUE','60628'),(329,'848 W 87TH STREET','60628'),(330,'4200 S CICERO AVENUE','60628'),(331,'848 W 87TH STREET','60628'),(332,'536 E MORGAN DR','60628'),(333,'11100 S HALSTED ST','60628'),(334,'5958 S WHIPPLE','60629'),(335,'5500 S PULASKI','60629'),(336,'6300 S PULASKI RD','60629'),(337,'0 N ASHLAND AVE','60629'),(338,'6818 S KEDZIE','60629'),(339,'5529 S WESTERN','60629'),(340,'6400 N SHERIDAN ROAD','60629'),(341,'3450 W 71ST','60629'),(342,'6343 S FRANCISCO','60629'),(343,'6357 S TROY','60629'),(344,'10318 S INDIANAPOLIS','60629'),(345,'6400 S TROY','60629'),(346,'3110 W 64TH STREET','60629'),(347,'6456 S ROCKWELL','60629'),(348,'6300 S DAMEN AVENUE','60629'),(349,'4200 S CICERO AVENUE','60629'),(350,'536 E MORGAN DR','60629'),(351,'6700 S WESTERN AVENUE','60629'),(352,'5529 S WESTERN','60629'),(353,'3843 S WESTERN','60629'),(354,'5520 S WESTERN','60629'),(355,'6226 W IRVING PARK RD','60630'),(356,'4123 N CENTRAL AVE','60630'),(357,'5454 W IRVING PARK','60631'),(358,'4200 S CICERO AVENUE','60632'),(359,'1732 W 46TH ST','60632'),(360,'4700 S WESTERN AVENUE','60632'),(361,'4436 N WESTERN','60632'),(362,'841 N LARRABEE','60632'),(363,'5520 S WESTERN','60632'),(364,'2711 W PERSHING RD','60632'),(365,'158 W ELM','60632'),(366,'6110 N CALIFORNIA','60632'),(367,'4831 S HERMITAGE','60632'),(368,'536 E MORGAN DR','60632'),(369,'4800 W 47TH ST','60632'),(370,'3843 S WESTERN','60632'),(371,'5344 S FRANCISCO','60632'),(372,'2080 W PERSHING','60632'),(373,'1200 S CANAL STREET','60632'),(374,'3400 W NORTH AVE','60634'),(375,'3600 N CICERO AVENUE','60634'),(376,'5454 W IRVING PARK','60634'),(377,'6300 S WESTERN AVE','60636'),(378,'1112 S HALE','60636'),(379,'7900 S STATE STREET','60636'),(380,'6300 S STATE ST','60636'),(381,'4700 S WESTERN AVENUE','60636'),(382,'1 E 79TH STREET','60636'),(383,'800 W 99TH ST','60636'),(384,'6300 S STATE ST','60636'),(385,'1142 W IRVING PARK','60636'),(386,'141 N ASHLAND','60636'),(387,'7900 S HALSTED STREET','60636'),(388,'1604 W 62ND ST','60636'),(389,'6425 S RACINE','60636'),(390,'6425 S RACINE','60636'),(391,'6427 S RACINE','60636'),(392,'7030 S ASHLAND','60636'),(393,'5200 W MADISON STREET','60636'),(394,'800 W ROOSEVELT ROAD','60636'),(395,'1600 W 71ST','60636'),(396,'1315 W GARFIELD BLVD','60636'),(397,'200 W GARFIELD BLVD','60637'),(398,'253 E WALTON','60637'),(399,'100 E ONTARIO ST','60637'),(400,'56 E HUBBARD','60637'),(401,'400 W BELMONT AVE','60637'),(402,'100 N CICERO AVENUE','60637'),(403,'1900 N ASHLAND AVE','60637'),(404,'1900 N ASHLAND AVE','60637'),(405,'62 E 95TH','60637'),(406,'449 N COLUMBUS DR','60637'),(407,'8345 S ASHLAND AVE','60637'),(408,'1315 W GARFIELD BLVD','60637'),(409,'6054 S EBERHART AVE','60637'),(410,'1502 E 62ND ST','60637'),(411,'211 E OHIO','60637'),(412,'1901 E 75TH ST','60637'),(413,'1600 W 87TH ST','60637'),(414,'3655 W JACKSON','60637'),(415,'4400 W OGDEN AVENUE','60639'),(416,'0 N HAMLIN BOULEVARD','60639'),(417,'3843 S WESTERN','60639'),(418,'5120 N PULASKI','60639'),(419,'4000 N AUSTIN AVENUE','60639'),(420,'2800 N PULASKI ROAD','60640'),(421,'5454 W IRVING PARK','60640'),(422,'2400 W NORTH AVE','60640'),(423,'1142 W IRVING PARK','60640'),(424,'4433 N WESTERN','60641'),(425,'4058 W MELROSE','60641'),(426,'8700 S LAFAYETTE AVEN','60641'),(427,'5406 W WELLINGTON','60641'),(428,'5458 W BYRON','60641'),(429,'2964 S STATE ST','60642'),(430,'2964 S STATE ST','60642'),(431,'7600 S STONY ISLAND A','60643'),(432,'5025 S WABASH','60643'),(433,'7000 S OGLESBY','60643'),(434,'57 E 95TH','60643'),(435,'2416 W 103RD ST','60643'),(436,'11900 S HALSTED','60643'),(437,'5529 S WESTERN','60643'),(438,'400 S WESTERN AVENUE','60644'),(439,'4000 W NORTH AVENUE','60644'),(440,'1200 N PULASKI ROAD','60644'),(441,'5500 S WENTWORTH AVEN','60644'),(442,'2400 N WESTERN AVENUE','60644'),(443,'800 N CENTRAL AVENUE','60644'),(444,'1 N HALSTED STREET','60644'),(445,'2000 N CICERO AVENUE','60644'),(446,'5600 W CHICAGO AVENUE','60644'),(447,'135 N CENTRAL AVE','60644'),(448,'3100 W AUGUSTA','60644'),(449,'121 S LAVERGNE','60644'),(450,'3655 W JACKSON','60644'),(451,'800 N SACRAMENTO AVEN','60644'),(452,'3843 S WESTERN','60644'),(453,'5520 S WESTERN','60644'),(454,'4702 W WEST END','60644'),(455,'2917 W ROOSEVELT','60644'),(456,'800 W FULLERTON AVENUE','60644'),(457,'3646 W MADISON','60644'),(458,'3800 W MADISON STREET','60644'),(459,'4200 S CICERO AVENUE','60645'),(460,'6400 N WESTERN AVENUE','60645'),(461,'1142 W IRVING PARK','60645'),(462,'5885 N RIDGE AVE','60645'),(463,'1142 W IRVING PARK','60645'),(464,'5471 W HIGGINS','60645'),(465,'1200 N HALSTED','60645'),(466,'4000 N CLARK STREET','60647'),(467,'5930 N CLARK STREET','60647'),(468,'5302 N NASHVILLE AVE','60647'),(469,'1600 N HOMAN AVENUE','60647'),(470,'1200 N PULASKI ROAD','60647'),(471,'2800 W DIVERSEY','60647'),(472,'800 W ROOSEVELT ROAD','60647'),(473,'4400 N WESTERN AVENUE','60647'),(474,'340 W UPPER WACKER DR','60647'),(475,'800 W 99TH ST','60649'),(476,'6300 S DAMEN AVENUE','60649'),(477,'11100 S HALSTED ST','60649'),(478,'259 E DELAWARE','60649'),(479,'259 E DELAWARE','60649'),(480,'5742 S PRAIRIE','60649'),(481,'200 W GARFIELD BLVD','60649'),(482,'1 S HALSTED STREET','60649'),(483,'5200 W MADISON STREET','60649'),(484,'6909 S KEDZIE','60649'),(485,'7600 S STONY ISLAND A','60649'),(486,'7422 S JEFFERY','60649'),(487,'8318 S ASHLAND AVE','60649'),(488,'5330 S COTTAGE GROVE','60649'),(489,'10318 S INDIANAPOLIS','60649'),(490,'10318 S INDIANAPOLIS','60649'),(491,'536 E MORGAN DR','60649'),(492,'9500 S JEFFERY AVE','60649'),(493,'11100 S HALSTED ST','60649'),(494,'1901 E 75TH ST','60649'),(495,'4400 W OGDEN AVENUE','60651'),(496,'4000 W NORTH AVENUE','60651'),(497,'1200 N ASHLAND AVENUE','60651'),(498,'4400 W ROOSEVELT','60651'),(499,'4000 W CHICAGO AVENUE','60651'),(500,'1200 N ASHLAND AVENUE','60651'),(501,'400 N CENTRAL AVENUE','60651'),(502,'400 S WESTERN AVENUE','60651'),(503,'324 S KEDZIE AVE','60651'),(504,'515 S CENTRAL AVE','60651'),(505,'536 E MORGAN DR','60651'),(506,'5529 S WESTERN','60651'),(507,'5415 W LAKE ST','60651'),(508,'102 S LAVERGNE','60651'),(509,'1142 W IRVING PARK','60651'),(510,'1000 N MONITOR','60651'),(511,'3400 W NORTH AVE','60651'),(512,'400 E 31ST STREET','60651'),(513,'6300 S PULASKI RD','60652'),(514,'848 W 87TH STREET','60652'),(515,'2080 W PERSHING','60652'),(516,'7430 S COELS AV','60652'),(517,'10318 S INDIANAPOLIS','60652'),(518,'8345 S ASHLAND AVE','60652'),(519,'323 E CHICAGO','60653'),(520,'420 E 65TH ST','60653'),(521,'8700 S VINCENNES','60653'),(522,'1315 W GARFIELD BLVD','60653'),(523,'10318 S INDIANAPOLIS','60653'),(524,'6818 S KEDZIE','60653'),(525,'445 W 127TH','60653'),(526,'450 N COLUMBUS DR','60653'),(527,'324 S KEDZIE AVE','60653'),(528,'1000 W HOLLYWOOD AVE','60653'),(529,'6226 N CALIFORNIA','60653'),(530,'140 N ASHLAND','60657'),(531,'3600 N WESTERN AVENUE','60657'),(532,'1200 N ASHLAND AVENUE','60659'),(533,'3400 W NORTH AVE','60659'),(534,'4433 N WESTERN','60659'),(535,'1142 W IRVING PARK','60659'),(536,'3034 W FOSTER','60659'),(537,'6324 N CALIFORNIA','60659'),(538,'3200 N LAKESHORE DRIV','60660'),(539,'324 E ILLINOIS ST','60660'),(540,'3843 S WESTERN','60660'),(541,'1142 W IRVING PARK','60660'),(542,'536 E MORGAN DR','60660'),(543,'1142 W IRVING PARK','60661'),(544,'8020 W FOREST PRESERVE AV','60706'),(545,'4000 N PULASKI ROAD','60707'),(546,'5200 N PULASKI RD','60712'),(547,'3034 W FOSTER','60714'),(548,'3200 W 63RD ST','60804'),(549,'3843 S WESTERN','60804'),(550,'1224 S HARDING','60804'),(551,'5816 W JACKSON','60804'),(552,'3200 N HARLEM AVE','60804'),(553,'8318 S ASHLAND AVE','60805'),(554,'6700 S CORNELL DRIVE','60827'),(555,'9500 S ASHLAND AVENUE','60827'),(556,'1 E 79TH STREET','60827'),(557,'9500 S HALSTED STREET','60827'),(558,'9900 S HALSTED ST','60827'),(559,'848 W 87TH STREET','60901'),(560,'4124 W FOSTER AVE','61074'),(561,'4000 W CERMAK','61102'),(562,'4228 N HERMITAGE','61102'),(563,'5520 S WESTERN','61102'),(564,'445 W 127TH','61108'),(565,'1600 W 95TH STREET','61350'),(566,'1334 W GARFIELD BLVD','61401'),(567,'3047 W JACKSON BLVD','61415'),(568,'140 N ASHLAND','61761'),(569,'3200 N KEDZIE AVE','61820'),(570,'5454 W IRVING PARK','61822'),(571,'7600 S STONY ISLAND A','61832'),(572,'1111 N HUMBOLDT','61832'),(573,'9227 S BLACKSTONE','62025'),(574,'321 N LONG AVE','62035'),(575,'5500 S WESTERN AVE','62522'),(576,'1901 E 75TH ST','62526'),(577,'5330 S COTTAGE GROVE','62704'),(578,'8700 S VINCENNES','62901'),(579,'3800 W MADISON STREET','62921'),(580,'10318 S INDIANAPOLIS','64083'),(581,'5200 S CICERO AVE','64116'),(582,'1 E 63RD ST','65301'),(583,'5816 W JACKSON','72117'),(584,'3646 W MADISON','74134'),(585,'2912 W ROOSEVELT','74134'),(586,'536 E MORGAN DR','75067'),(587,'6106 N CALIFORNIA','75082'),(588,'1600 W 71ST','75220'),(589,'445 W 127TH','75261'),(590,'1 E 79TH STREET','76544'),(591,'6400 N SHERIDAN ROAD','77017'),(592,'445 W 127TH','77067'),(593,'100 W CHICAGO AVENUE','78240'),(594,'5500 S KEDZIE AVENUE','78255'),(595,'4124 W FOSTER AVE','78749'),(596,'2900 W OGDEN','97201'),(597,'301 E RANDOLPH','98294'),(598,'5500 S WENTWORTH AVEN','98502'),(599,'536 E MORGAN DR','98502'),(600,'3137 W PETERSON','1121800'),(601,'1 E 79TH STREET','4942300'),(602,'400 N LASALLE','6020100'),(603,'536 E MORGAN DR','6041900'),(604,'30 W 87TH STREET','6060900'),(605,'57 E 95TH','6060900'),(606,'6909 S KEDZIE','6061200'),(607,'3843 S WESTERN','6062800'),(608,'2917 W ROOSEVELT','6062800'),(609,'1 E 79TH STREET','6064900'),(610,'7422 S JEFFERY','6064900'),(611,'2900 W OGDEN','6065300'),(612,'4433 N WESTERN','6311400'),(613,'3137 W PETERSON','8701000'),(614,'10318 S INDIANAPOLIS','234620000'),(615,'4200 S CICERO AVENUE','234620000'),(616,'1334 W GARFIELD BLVD','234620000'),(617,'4200 S CICERO AVENUE','300473786'),(618,'400 W BELMONT AVE','331310000'),(619,'140 N ASHLAND','333093058'),(620,'2800 W DIVERSEY','336350000'),(621,'1 E 79TH STREET','402130000'),(622,'2400 N WESTERN AVENUE','402140000'),(623,'1111 N HUMBOLDT','432215916'),(624,'5930 N CLARK STREET','432302542'),(625,'140 N ASHLAND','441081154'),(626,'4400 W OGDEN AVENUE','441253903'),(627,'2900 W OGDEN','441253903'),(628,'3255 W BLOOMINGDALE','442568453'),(629,'712 W ALDINE AV','451502009'),(630,'445 W 127TH','452201612'),(631,'3034 W FOSTER','452242123'),(632,'7909 S ASHLAND','460165207'),(633,'5520 S WESTERN','462141720'),(634,'1600 W 87TH ST','462184419'),(635,'848 W 87TH STREET','462202819'),(636,'1600 E 79TH ST','462291060'),(637,'4400 W NORTH','462359237'),(638,'800 W 119TH STREET','463076267'),(639,'5401 W WELLINGTON','463122229'),(640,'30 W 87TH STREET','463191331'),(641,'4200 S CICERO AVENUE','463211905'),(642,'8020 W FOREST PRESERVE AV','463222740'),(643,'9500 S JEFFERY AVE','463231416'),(644,'1600 W 87TH ST','463242023'),(645,'848 W 87TH STREET','463271672'),(646,'8318 S ASHLAND AVE','463609168'),(647,'8345 S ASHLAND AVE','463609168'),(648,'6247 W FULLERTON','463835955'),(649,'10318 S INDIANAPOLIS','463941118'),(650,'4200 S CICERO AVENUE','464041214'),(651,'5120 N PULASKI','464053032'),(652,'4200 S CICERO AVENUE','464091027'),(653,'200 W GARFIELD BLVD','464091354'),(654,'100 N CICERO AVENUE','464091725'),(655,'2900 W OGDEN','464103206'),(656,'9500 S JEFFERY AVE','464103427'),(657,'2917 W ROOSEVELT','464104738'),(658,'1334 W GARFIELD BLVD','465148357'),(659,'6300 S STATE ST','465162734'),(660,'8318 S ASHLAND AVE','466283007'),(661,'445 W 127TH','466371459'),(662,'635 W BUCKINGHAM PL','468055328'),(663,'4200 S CICERO AVENUE','470608002'),(664,'10318 S INDIANAPOLIS','471408839'),(665,'1200 S KOSTNER','479055727'),(666,'2912 W ROOSEVELT','520025190'),(667,'6400 N SHERIDAN ROAD','520036738'),(668,'258 E DELAWARE','522411449'),(669,'1 S HALSTED STREET','524041441'),(670,'800 W 99TH ST','524046703'),(671,'1 E 79TH STREET','526014324'),(672,'4124 W FOSTER AVE','531049209'),(673,'6000 N CALIFORNIA AVE','531102630'),(674,'4124 W FOSTER AVE','532043921'),(675,'4124 W FOSTER AVE','532131927'),(676,'2800 W DIVERSEY','532132921'),(677,'515 S CENTRAL AVE','532161542'),(678,'115 N OGDEN','532183324'),(679,'2340 E 70TH ST','532232754'),(680,'4124 W FOSTER AVE','534061425'),(681,'1 E 79TH STREET','534066517'),(682,'340 W UPPER WACKER DR','535341422'),(683,'1 E 79TH STREET','535621639'),(684,'536 E MORGAN DR','535902769'),(685,'5500 S KEDZIE AVENUE','537042940'),(686,'200 W GARFIELD BLVD','537048604'),(687,'140 N ASHLAND','537114940'),(688,'150 N SACRAMENTO BOUL','539632007'),(689,'536 E MORGAN DR','600046361'),(690,'2000 W DIVERSEY PARKWAY','600051213'),(691,'4124 W FOSTER AVE','600053015'),(692,'3034 W FOSTER','600055303'),(693,'2800 W DIVERSEY','600074922'),(694,'4000 W BELMONT AVE','600083339'),(695,'4124 W FOSTER AVE','600103446'),(696,'2400 W PETERSON','600103700'),(697,'2928 S HALSTED','600105678'),(698,'4124 W FOSTER AVE','600151251'),(699,'4400 W NORTH','600161017'),(700,'3034 W FOSTER','600162946'),(701,'4124 W FOSTER AVE','600163764'),(702,'3034 W FOSTER','600163764'),(703,'6247 W FULLERTON','600164267'),(704,'874 S DEARBORN','600164649'),(705,'6400 W IRVING PK','600167033'),(706,'1142 W IRVING PARK','600167033'),(707,'4000 W IRVING PARK RD','600182308'),(708,'8020 W FOREST PRESERVE AV','600182656'),(709,'1142 W IRVING PARK','600221046'),(710,'2400 N ASHLAND AVENUE','600221067'),(711,'4700 S CICERO AVE','600301791'),(712,'4000 W IRVING PARK RD','600311440'),(713,'1111 N HUMBOLDT','600313715'),(714,'3034 W FOSTER','600316315'),(715,'3034 W FOSTER','600351008'),(716,'5520 S WESTERN','600353124'),(717,'2400 N CLARK ST','600451713'),(718,'4200 S CICERO AVENUE','600452922'),(719,'8345 S ASHLAND AVE','600465733'),(720,'1142 W IRVING PARK','600478127'),(721,'400 W BELMONT AVE','600482986'),(722,'2400 N WESTERN AVENUE','600483370'),(723,'2426 N DAMEN AVE','600485122'),(724,'4000 W FOSTER AVE','600508010'),(725,'4124 W FOSTER AVE','600508317'),(726,'4700 S CICERO AVE','600531549'),(727,'445 W 127TH','600564960'),(728,'1111 N HUMBOLDT','600565363'),(729,'2000 W FULLERTON AVE','600627108'),(730,'1334 W GARFIELD BLVD','600641701'),(731,'10318 S INDIANAPOLIS','600642430'),(732,'633 N MICHIGAN','600642430'),(733,'7200 N WESTERN AVENUE','600643876'),(734,'2000 W FULLERTON AVE','600674300'),(735,'4649 W WRIGHTWOOD','600682100'),(736,'4649 W WRIGHTWOOD','600682100'),(737,'5454 W IRVING PARK','600682450'),(738,'3137 W PETERSON','600684917'),(739,'115 N OGDEN','600685049'),(740,'3100 W AUGUSTA','600701600'),(741,'4200 S CICERO AVENUE','600734014'),(742,'1142 W IRVING PARK','600745604'),(743,'6450 N ALBANY','600761444'),(744,'5885 N RIDGE AVE','600763933'),(745,'8700 S ASHLAND AVE','600771033'),(746,'115 N OGDEN','600771050'),(747,'3137 W PETERSON','600771227'),(748,'4800 N CICERO AVENUE','600771354'),(749,'340 W UPPER WACKER DR','600771622'),(750,'4124 W FOSTER AVE','600772001'),(751,'6523 N WESTERN','600772784'),(752,'4124 W FOSTER AVE','600775422'),(753,'3047 W JACKSON BLVD','600852740'),(754,'4000 W CERMAK','600854739'),(755,'3800 W MADISON STREET','600855309'),(756,'1600 W 95TH STREET','600881516'),(757,'218 E WALTON','600902377'),(758,'2000 W FULLERTON AVE','600903943'),(759,'4000 W FOSTER AVE','600904517'),(760,'1142 W IRVING PARK','600912499'),(761,'623 W BUCKINGHAM PL','600988087'),(762,'2000 W DIVISION','600992361'),(763,'1723 S WABASH','600993229'),(764,'1414 S WABASH','600994725'),(765,'800 N CENTRAL AVENUE','601011640'),(766,'3655 W JACKSON','601015616'),(767,'2917 W ROOSEVELT','601015616'),(768,'57 E 95TH','601022312'),(769,'1142 W IRVING PARK','601024301'),(770,'441 N STATE','601026617'),(771,'2800 N DAMEN AVENUE','601031825'),(772,'3655 W JACKSON','601038976'),(773,'24 W HUBBARD','601041225'),(774,'932 N LONG','601041727'),(775,'2400 W MADISON','601041768'),(776,'4200 S CICERO AVENUE','601041835'),(777,'2416 W 103RD ST','601042064'),(778,'1904 S MILLARD','601042222'),(779,'6500 S KING DR','601042342'),(780,'115 N OGDEN','601076625'),(781,'1515 S WABASH AVE','601082398'),(782,'800 W 79TH STREET','601082627'),(783,'3216 W ADDISON ST','601103396'),(784,'1 N HALSTED STREET','601151885'),(785,'400 S WESTERN AVENUE','601156092'),(786,'2426 N DAMEN AVE','601204819'),(787,'5425 W WELLINGTON','601231441'),(788,'2800 N CICERO AVENUE','601231743'),(789,'2912 W ROOSEVELT','601232180'),(790,'3646 W MADISON','601232180'),(791,'6818 S KEDZIE','601232186'),(792,'2526 W LELAND','601235410'),(793,'4200 N 21ST PL','601262076'),(794,'1315 W GARFIELD BLVD','601301357'),(795,'2000 N KEDZIE AVENUE','601311608'),(796,'800 N CENTRAL AVENUE','601311815'),(797,'400 W BELMONT AVE','601313245'),(798,'4000 W FULLERTON AVE','601332995'),(799,'536 E MORGAN DR','601392135'),(800,'5330 S COTTAGE GROVE','601392227'),(801,'450 N COLUMBUS DR','601392543'),(802,'4230 W CULLERTON','601410317'),(803,'400 S WESTERN AVENUE','601531403'),(804,'115 N OGDEN','601531410'),(805,'4357 W 21ST PL','601532052'),(806,'400 W BELMONT AVE','601532177'),(807,'3800 W MADISON STREET','601533315'),(808,'2912 W ROOSEVELT','601533323'),(809,'238 N PINE','601533358'),(810,'5600 W CHICAGO AVENUE','601552941'),(811,'4334 W 21ST PL','601553805'),(812,'449 N COLUMBUS DR','601601608'),(813,'3600 N HARLEM AVENUE','601601902'),(814,'3646 W MADISON','601621329'),(815,'3100 S DR MARTIN L KING','601621506'),(816,'506 S CENTRAL AVE','601631433'),(817,'2635 N CLARK ST','601631445'),(818,'9720 S GREEN','601631507'),(819,'254 E WALTON','601641097'),(820,'5454 W IRVING PARK','601641205'),(821,'4200 S CICERO AVENUE','601641424'),(822,'4000 W FULLERTON AVE','601641627'),(823,'1200 N PULASKI ROAD','601641843'),(824,'7458 N GREENVIEW','601651153'),(825,'30 W 87TH STREET','601695307'),(826,'5454 W IRVING PARK','601711177'),(827,'1 S WESTERN AVE','601721554'),(828,'3034 W FOSTER','601734512'),(829,'1111 N HUMBOLDT','601742350'),(830,'5816 W JACKSON','601744659'),(831,'4217 W 21ST PL','601751093'),(832,'4124 W FOSTER AVE','601757740'),(833,'2400 N ASHLAND AVENUE','601758147'),(834,'5432 W LAWRENCE','601761441'),(835,'3200 N HARLEM AVE','601762083'),(836,'2900 W OGDEN','601772533'),(837,'2121 N MASON','601811616'),(838,'2400 N ASHLAND AVENUE','601874326'),(839,'2900 W OGDEN','601882631'),(840,'5120 N PULASKI','601883712'),(841,'6553 N CAMPBELL','601921730'),(842,'6226 W IRVING PARK RD','601932120'),(843,'4800 N CICERO AVENUE','601933565'),(844,'400 W BELMONT AVE','602012009'),(845,'5885 N RIDGE AVE','602012554'),(846,'6523 N WESTERN','602013539'),(847,'6130 S WASHTENAW','602013962'),(848,'1700 W TOUHY','602014023'),(849,'6523 N WESTERN','602016607'),(850,'2800 W DEVON AVENUE','602023021'),(851,'800 W 99TH ST','602024031'),(852,'220 E WALTON','602025120'),(853,'5454 W IRVING PARK','602025817'),(854,'506 S CENTRAL AVE','603021150'),(855,'324 S KEDZIE AVE','603021419'),(856,'1845 S MILLARD','603022725'),(857,'115 N OGDEN','603041527'),(858,'5600 W FULLERTON AVENU','603041765'),(859,'1111 N HUMBOLDT','603042009'),(860,'3843 S WESTERN','603042022'),(861,'4022 W CULLERTON','604013274'),(862,'4956 W GRACE ST','604021002'),(863,'4956 W GRACE ST','604021002'),(864,'4749 S PRAIRIE','604021048'),(865,'4200 S CICERO AVENUE','604021241'),(866,'4200 S CICERO AVENUE','604021324'),(867,'726 N DRAKE','604021338'),(868,'726 N DRAKE','604021338'),(869,'5816 W JACKSON','604021443'),(870,'400 S WESTERN AVENUE','604021853'),(871,'1142 W IRVING PARK','604021856'),(872,'2912 W ROOSEVELT','604022047'),(873,'5454 W IRVING PARK','604022465'),(874,'115 N OGDEN','604022526'),(875,'4148 W 21ST PL','604022953'),(876,'2900 W OGDEN','604023916'),(877,'667 W DIVISION','604024840'),(878,'667 W DIVISION','604024840'),(879,'1618 S CENTRAL PARK','604061508'),(880,'10318 S INDIANAPOLIS','604062231'),(881,'45 E HUBBARD','604063393'),(882,'6358 W FRANCISCO','604063673'),(883,'6758 W FRANCISCO','604063673'),(884,'5520 S WESTERN','604063778'),(885,'11100 S HALSTED ST','604091561'),(886,'1334 W GARFIELD BLVD','604091728'),(887,'58 E HUBBARD','604091730'),(888,'7900 S HALSTED STREET','604091756'),(889,'2400 W MADISON','604092209'),(890,'6400 N SHERIDAN ROAD','604092447'),(891,'445 W 127TH','604093231'),(892,'160 N LASALLE','604093716'),(893,'2735 E 75TH ST','604094427'),(894,'179 E LAKE SHORE','604095233'),(895,'674 N STATE','604096218'),(896,'8345 S ASHLAND AVE','604105341'),(897,'7234 S VERNON','604111042'),(898,'9730 S GREEN','604111219'),(899,'445 W 127TH','604111233'),(900,'211 E OHIO','604111558'),(901,'8318 S ASHLAND AVE','604113051'),(902,'4200 S CICERO AVENUE','604113053'),(903,'662 N STATE','604114537'),(904,'300 S MICHIGAN AVE','604114539'),(905,'445 W 127TH','604114543'),(906,'2100 W NORWOOD','604114734'),(907,'5000 S ARCHER AVE','604115318'),(908,'2400 N ASHLAND AVENUE','604115602'),(909,'6298 S RACINE','604191109'),(910,'6298 S RACINE','604191109'),(911,'445 W 127TH','604191364'),(912,'11100 S HALSTED ST','604191366'),(913,'109 E SUPERIOR','604191424'),(914,'11100 S HALSTED ST','604191621'),(915,'4200 S CICERO AVENUE','604192123'),(916,'9500 S HALSTED STREET','604192968'),(917,'3400 W NORTH AVE','604221467'),(918,'2000 N CICERO AVENUE','604221641'),(919,'449 N COLUMBUS DR','604224352'),(920,'4436 N WESTERN','604231579'),(921,'6909 S KEDZIE','604236999'),(922,'445 W 127TH','604251106'),(923,'2400 N WESTERN AVENUE','604252112'),(924,'10318 S INDIANAPOLIS','604261253'),(925,'7100 S COTTAGE GROVE','604262232'),(926,'5520 S WESTERN','604265210'),(927,'1942 S AVERS','604265942'),(928,'100 E ONTARIO ST','604265968'),(929,'5520 S WESTERN','604284612'),(930,'1315 W GARFIELD BLVD','604284764'),(931,'445 W 127TH','604291321'),(932,'8318 S ASHLAND AVE','604291514'),(933,'2513 W 55TH','604301319'),(934,'218 E WALTON','604304212'),(935,'2800 N CALIFORNIA AVE','604311528'),(936,'140 N ASHLAND','604311528'),(937,'340 W UPPER WACKER DR','604318518'),(938,'6818 S KEDZIE','604332881'),(939,'9618 S EWING AVE','604354205'),(940,'62 E 95TH','604357229'),(941,'4000 N ELSTON AVENUE','604358014'),(942,'5800 S PRAIRIE AVE','604361721'),(943,'5800 S PRAIRIE AVE','604361721'),(944,'449 N COLUMBUS DR','604381748'),(945,'57 E 95TH','604382572'),(946,'3100 S DR MARTIN L KING','604382631'),(947,'340 W UPPER WACKER DR','604383669'),(948,'10318 S INDIANAPOLIS','604383759'),(949,'4433 N WESTERN','604398551'),(950,'2900 W OGDEN','604401058'),(951,'323 N LAMON','604401739'),(952,'2400 W MADISON','604402621'),(953,'4007 W 21ST ST','604405081'),(954,'10318 S INDIANAPOLIS','604431650'),(955,'2900 W OGDEN','604433326'),(956,'11113 S HALE','604434400'),(957,'800 W 79TH STREET','604453697'),(958,'1 E 79TH STREET','604454631'),(959,'536 E MORGAN DR','604464049'),(960,'4200 S CICERO AVENUE','604489267'),(961,'7900 S HALSTED STREET','604523466'),(962,'2057 N CLARK ST','604531575'),(963,'2000 W DIVISION','604532009'),(964,'800 W 99TH ST','604532111'),(965,'6909 S KEDZIE','604532206'),(966,'2912 W ROOSEVELT','604532346'),(967,'9045 S BLACKSTONE AV','604534448'),(968,'10318 S INDIANAPOLIS','604551734'),(969,'848 W 87TH STREET','604551743'),(970,'3500 S WESTERN','604551845'),(971,'6300 S PULASKI RD','604552072'),(972,'800 W 99TH ST','604552214'),(973,'10318 S INDIANAPOLIS','604561214'),(974,'2912 W ROOSEVELT','604592538'),(975,'62 E 95TH','604611719'),(976,'8345 S ASHLAND AVE','604624764'),(977,'8020 W FOREST PRESERVE AV','604631045'),(978,'5200 N NAGLE','604632740'),(979,'6254 S INDIANA','604661062'),(980,'5330 S COTTAGE GROVE','604661801'),(981,'445 W 127TH','604662204'),(982,'8345 S ASHLAND AVE','604691226'),(983,'445 W 127TH','604711869'),(984,'1200 S PULASKI ROAD','604721405'),(985,'445 W 127TH','604731445'),(986,'4353 W 21ST PL','604731519'),(987,'2738 W OGDEN AV','604731568'),(988,'4200 S CICERO AVENUE','604732126'),(989,'1 E 63RD ST','604732647'),(990,'4200 S CICERO AVENUE','604732947'),(991,'800 W 99TH ST','604732978'),(992,'9500 S JEFFERY AVE','604771474'),(993,'800 W 99TH ST','604772764'),(994,'3450 W 71ST','604773527'),(995,'340 W UPPER WACKER DR','604773910'),(996,'10318 S INDIANAPOLIS','604774933'),(997,'10318 S INDIANAPOLIS','604774933'),(998,'115 N OGDEN','604776597'),(999,'1718 N LA SALLE DR','604777892'),(1000,'5885 N RIDGE AVE','604782930'),(1001,'85 E WACKER DR','604784731'),(1002,'140 E LAKE SHORE','604784746'),(1003,'1521 S WABASH ST','604784750'),(1004,'3216 W ADDISON ST','604785513'),(1005,'4200 S CICERO AVENUE','604821371'),(1006,'450 N COLUMBUS DR','604842801'),(1007,'4331 W 21ST PL','604902071'),(1008,'100 N CICERO AVENUE','604917541'),(1009,'11100 S HALSTED ST','604917874'),(1010,'6523 N WESTERN','605012218'),(1011,'862 E 88TH ST','605022306'),(1012,'5454 W IRVING PARK','605045089'),(1013,'6818 S KEDZIE','605053783'),(1014,'4000 W ROOSEVELT ROAD','605065720'),(1015,'140 N ASHLAND','605065720'),(1016,'2144 N LINCOLN PK WST','605142832'),(1017,'140 N ASHLAND','605152605'),(1018,'2400 W MARQUETTE ROAD','605162270'),(1019,'2900 W OGDEN','605162381'),(1020,'4700 S CICERO AVE','605163352'),(1021,'140 N ASHLAND','605173219'),(1022,'305 N LONG AVE','605173867'),(1023,'4124 W FOSTER AVE','605176006'),(1024,'355 S COLUMBUS','605231607'),(1025,'450 N COLUMBUS DR','605232359'),(1026,'4124 W FOSTER AVE','605232536'),(1027,'2903 N PINE GROVE','605238801'),(1028,'4124 W FOSTER AVE','605254756'),(1029,'2900 W OGDEN','605256309'),(1030,'3200 N KEDZIE AVE','605272342'),(1031,'4446 N BROADWAY','605275438'),(1032,'1111 N HUMBOLDT','605275438'),(1033,'2426 N DAMEN AVE','605276091'),(1034,'6909 S KEDZIE','605277541'),(1035,'2900 W OGDEN','605341295'),(1036,'322 N LONG AVE','605385019'),(1037,'3400 W NORTH AVE','605385100'),(1038,'2757 E 75TH ST','605401901'),(1039,'2757 E 75TH ST','605401901'),(1040,'25 N BEUBIEN CT','605407440'),(1041,'200 W GARFIELD BLVD','605447062'),(1042,'536 E MORGAN DR','605447340'),(1043,'536 E MORGAN DR','605447340'),(1044,'1842 S LAWNDALE','605461047'),(1045,'4200 S CICERO AVENUE','605461417'),(1046,'10318 S INDIANAPOLIS','605593341'),(1047,'4800 W HARRISON STREET','605618432'),(1048,'8345 S ASHLAND AVE','605639004'),(1049,'416 E 65','605868227'),(1050,'2400 N WESTERN AVENUE','606014077'),(1051,'7900 S STATE STREET','606014147'),(1052,'100 W CHICAGO AVENUE','606015011'),(1053,'4124 W FOSTER AVE','606017889'),(1054,'2000 W DIVISION','606052124'),(1055,'1515 S WABASH','606053524'),(1056,'4433 N WESTERN','606071009'),(1057,'5471 W HIGGINS','606071669'),(1058,'3137 W PETERSON','606073024'),(1059,'3137 W PETERSON','606073590'),(1060,'4433 N WESTERN','606073685'),(1061,'2200 S WESTERN AVENUE','606074026'),(1062,'5454 W IRVING PARK','606074152'),(1063,'4119 W CULLERTON','606074836'),(1064,'9900 S HALSTED ST','606075168'),(1065,'3650 W 18TH ST','606081023'),(1066,'4000 W ROOSEVELT ROAD','606081640'),(1067,'141 N ASHLAND','606081910'),(1068,'3047 W JACKSON BLVD','606082101'),(1069,'4200 S CICERO AVENUE','606082365'),(1070,'536 E MORGAN DR','606082866'),(1071,'340 W UPPER WACKER DR','606083209'),(1072,'560 S PRAIRIE','606083741'),(1073,'4200 S CICERO AVENUE','606083804'),(1074,'3400 W NORTH AVE','606084009'),(1075,'6400 N MILWAUKEE AVEN','606084483'),(1076,'3843 S WESTERN','606085823'),(1077,'5120 N PULASKI','606085911'),(1078,'3645 S HERMITAGE','606086254'),(1079,'5529 S WESTERN','606086359'),(1080,'3200 N KEDZIE AVENUE','606086795'),(1081,'340 W UPPER WACKER DR','606091146'),(1082,'9536 S AVENUE N','606093605'),(1083,'2400 W 55TH STREET','606094250'),(1084,'6300 S KEDZIE AVE','606094282'),(1085,'3843 S WESTERN','606094302'),(1086,'2935 W 64TH ST','606095009'),(1087,'1334 W GARFIELD BLVD','606095032'),(1088,'1111 N HUMBOLDT','606095506'),(1089,'5204 S HONORE ST','606095639'),(1090,'11153 S HALE','606095703'),(1091,'11153 S HALE','606095703'),(1092,'1334 W GARFIELD BLVD','606095804'),(1093,'536 E MORGAN DR','606096135'),(1094,'848 W 87TH STREET','606101249'),(1095,'200 W GARFIELD BLVD','606101259'),(1096,'3843 S WESTERN','606101704'),(1097,'1334 W GARFIELD BLVD','606103609'),(1098,'4124 W FOSTER AVE','606110010'),(1099,'400 W BELMONT AVE','606116487'),(1100,'1200 N ASHLAND AVENUE','606120000'),(1101,'141 N ASHLAND','606120279'),(1102,'140 N ASHLAND','606121143'),(1103,'2900 W OGDEN','606121208'),(1104,'1142 W IRVING PARK','606121303'),(1105,'1 S HALSTED STREET','606121520'),(1106,'1140 S KEELER','606122243'),(1107,'1743 W MAYPOLE','606122515'),(1108,'1142 W IRVING PARK','606122918'),(1109,'140 N ASHLAND','606122929'),(1110,'2200 S WESTERN AVENUE','606123406'),(1111,'800 W ROOSEVELT ROAD','606123406'),(1112,'4400 W ROOSEVELT','606123412'),(1113,'2400 N WESTERN AVENUE','606123950'),(1114,'450 N COLUMBUS DR','606124290'),(1115,'3646 W MADISON','606124528'),(1116,'3656 S PRAIRIE','606124805'),(1117,'1821 N LUNA','606125063'),(1118,'117 N LECLAIRE AVE','606125349'),(1119,'5330 S COTTAGE GROVE','606125415'),(1120,'340 W UPPER WACKER DR','606131017'),(1121,'4237 N WOLCOTT','606131020'),(1122,'4432 N LINCOLN','606131208'),(1123,'3137 W PETERSON','606131446'),(1124,'1142 W IRVING PARK','606133123'),(1125,'663 W BUCKINGHAM PL','606133507'),(1126,'4433 N WESTERN','606134111'),(1127,'721 W BUCKINGHA PL','606134579'),(1128,'1142 W IRVING PARK','606135487'),(1129,'2000 W FULLERTON AVE','606135508'),(1130,'707 W BURCKINGHAM PL','606135514'),(1131,'707 W BUCKINGHAM PL','606135514'),(1132,'1142 W IRVING PARK','606136132'),(1133,'3200 N LAKESHORE DRIV','606137230'),(1134,'340 W UPPER WACKER DR','606141742'),(1135,'1142 W IRVING PARK','606143307'),(1136,'2331 N COMMONWEALTH AV','606143409'),(1137,'2144 N LINCOLN PK WST','606144608'),(1138,'2026 N LINCOLN PK WST','606144708'),(1139,'5930 N CLARK STREET','606145073'),(1140,'4200 S CICERO AVENUE','606145162'),(1141,'400 W BELMONT AVE','606145489'),(1142,'515 S CENTRAL AVE','606145621'),(1143,'2600 S KEDZIE AVENUE','606146844'),(1144,'141 N ASHLAND','606148002'),(1145,'1000 W HOLLYWOOD AVE','606148354'),(1146,'1 E 79TH STREET','606151665'),(1147,'1315 W GARFIELD BLVD','606151708'),(1148,'7422 S JEFFERY','606152045'),(1149,'7422 S JEFFERY','606152046'),(1150,'1000 W HOLLYWOOD AVE','606152114'),(1151,'536 E MORGAN DR','606152164'),(1152,'1334 W GARFIELD BLVD','606152634'),(1153,'8345 S ASHLAND AVE','606152634'),(1154,'449 N COLUMBUS DR','606152846'),(1155,'5330 S COTTAGE GROVE','606154378'),(1156,'536 E MORGAN DR','606155315'),(1157,'536 E MORGAN DR','606155413'),(1158,'230 E WALTON','606156231'),(1159,'3137 W PETERSON','606161204'),(1160,'1725 S WABASH AVE','606161219'),(1161,'8020 W FOREST PRESERVE AV','606161909'),(1162,'2900 S STATE ST','606162729'),(1163,'400 E 31ST STREET','606162779'),(1164,'4200 S CICERO AVENUE','606162856'),(1165,'2840 S STATE ST','606163262'),(1166,'2920 S STATE ST','606163282'),(1167,'4400 N MILWAUKEE AVEN','606163614'),(1168,'848 W 87TH STREET','606163969'),(1169,'3100 S DR MARTIN L KING','606164233'),(1170,'140 N ASHLAND','606164410'),(1171,'1822 S MILLARD','606165159'),(1172,'10318 S INDIANAPOLIS','606171027'),(1173,'10318 S INDIANAPOLIS','606171027'),(1174,'3550 S RHDOES','606171541'),(1175,'3550 S RHODES','606171541'),(1176,'536 E MORGAN DR','606171541'),(1177,'7422 S JEFFERY','606172224'),(1178,'10318 S INDIANAPOLIS','606172337'),(1179,'7422 S JEFFERY','606172627'),(1180,'2931 N CLYBOURN','606172767'),(1181,'2931 N CLYBOURN','606172767'),(1182,'2800 N DAMEN AVENUE','606172767'),(1183,'208 E WALTON','606172837'),(1184,'6700 S CORNELL DRIVE','606173415'),(1185,'7600 S STONY ISLAND A','606173737'),(1186,'248 E WALTON','606173929'),(1187,'400 W BELMONT AVE','606174038'),(1188,'3331 E 100TH ST','606174038'),(1189,'420 E 65TH ST','606174055'),(1190,'10318 S INDIANAPOLIS','606175143'),(1191,'10318 S INDIANAPOLIS','606175362'),(1192,'10318 S INDIANAPOLIS','606175924'),(1193,'10318 S INDIANAPOLIS','606176021'),(1194,'7600 S STONY ISLAND A','606176416'),(1195,'9500 S ASHLAND AVENUE','606176535'),(1196,'9618 S EWING AVE','606176943'),(1197,'5724 N SPAULDING','606181113'),(1198,'4000 N PULASKI ROAD','606181114'),(1199,'3200 N PULASKI RD','606181220'),(1200,'4000 W LAWRENCE AVENUE','606182008'),(1201,'4000 W IRVING PARK RD','606183218'),(1202,'1142 W IRVING PARK','606183303'),(1203,'1142 W IRVING PARK','606183401'),(1204,'3400 W DIVERSEY AVENUE','606185319'),(1205,'1251 N LOCKWOOD','606185489'),(1206,'1251 N LOCKWOOD AVE','606185489'),(1207,'4200 S CICERO AVENUE','606186423'),(1208,'8700 S LAFAYETTE AVEN','606186509'),(1209,'5885 N RIDGE AVE','606186509'),(1210,'2906 N LAWNDALE','606187243'),(1211,'5600 W ADDISON STREET','606187335'),(1212,'2912 W ROOSEVELT','606187707'),(1213,'2809 N LEAVITT','606188148'),(1214,'2809 N LEAVITT','606188148'),(1215,'2809 N LEAVITT','606188148'),(1216,'800 W NORTH AVENUE','606188306'),(1217,'1315 W GARFIELD BLVD','606191009'),(1218,'5330 S COTTAGE GROVE','606191225'),(1219,'4200 S CICERO AVENUE','606191510'),(1220,'6947 S STATE ST','606191611'),(1221,'6947 S STATE ST','606191611'),(1222,'10318 S INDIANAPOLIS','606191624'),(1223,'2416 W 103RD ST','606191706'),(1224,'7600 S STONY ISLAND A','606191728'),(1225,'6818 S KEDZIE','606192333'),(1226,'849 E 88TH ST','606192619'),(1227,'8345 S ASHLAND AVE','606192823'),(1228,'308 E 50TH ST','606193311'),(1229,'6298 S RACINE','606193710'),(1230,'6649 S MINERVA AVE','606194603'),(1231,'536 E MORGAN DR','606194730'),(1232,'2900 W OGDEN','606194948'),(1233,'1507 W 83rd ST','606195010'),(1234,'2745 E 74TH ST','606195016'),(1235,'2745 E 74TH ST','606195016'),(1236,'3843 S WESTERN','606195530'),(1237,'32 E HUBBARD','606195572'),(1238,'32 E HUBBARD','606195572'),(1239,'7030 S ASHLAND','606196516'),(1240,'449 N COLUMBUS DR','606196630'),(1241,'5529 S WESTERN','606196711'),(1242,'1 E 79TH STREET','606196722'),(1243,'848 E 88TH ST','606196919'),(1244,'814 E 88TH ST','606196927'),(1245,'3649 W DOUGLAS BLVD','606197349'),(1246,'6355 S LOOMIS','606197522'),(1247,'6355 S LOOMIS','606197522'),(1248,'6355 S LOOMIS','606197522'),(1249,'8700 S LAFAYETTE AVEN','606197702'),(1250,'1 N HALSTED STREET','606197714'),(1251,'9198 S HARPER AVE','606197918'),(1252,'10318 S INDIANAPOLIS','606197924'),(1253,'258 E DELAWARE','606198031'),(1254,'9500 S ASHLAND AVENUE','606201136'),(1255,'3800 W MADISON STREET','606201408'),(1256,'3800 W MADISON STREET','606201408'),(1257,'9618 S EWING AVE','606201505'),(1258,'1334 W GARFIELD BLVD','606201536'),(1259,'8318 S ASHLAND AVE','606201707'),(1260,'800 W 119TH STREET','606201932'),(1261,'9500 S ASHLAND AVENUE','606202333'),(1262,'3843 S WESTERN','606202346'),(1263,'528 N HAMLIN','606202426'),(1264,'1118 W 80TH ST','606203040'),(1265,'1 E 63RD ST','606203316'),(1266,'110 N LAVERGNE AVE','606203320'),(1267,'852 E 88TH','606203442'),(1268,'340 W UPPER WACKER DR','606203627'),(1269,'7840 S EAST END','606203773'),(1270,'6400 S SACRAMENTO','606203857'),(1271,'8109 S ELIZABETH','606203857'),(1272,'800 W 79TH STREET','606203859'),(1273,'15 W 95TH ST','606204019'),(1274,'3100 W AUGUSTA','606204258'),(1275,'800 W 99TH ST','606204324'),(1276,'2901 S STATE ST','606204324'),(1277,'9500 S HALSTED STREET','606204444'),(1278,'8345 S ASHLAND AVE','606204723'),(1279,'8214 S ELIZABETH','606204788'),(1280,'200 W GARFIELD BLVD','606204918'),(1281,'8345 S ASHLAND AVE','606205036'),(1282,'249 E PEARSON','606205042'),(1283,'249 E PEARSON','606205042'),(1284,'800 W 99TH ST','606205944'),(1285,'800 W 79TH STREET','606206132'),(1286,'600 S CICERO AVENUE','606210000'),(1287,'1600 W 71ST','606211005'),(1288,'200 W GARFIELD BLVD','606211527'),(1289,'1242 W 58TH ST','606211537'),(1290,'3843 S WESTERN','606211725'),(1291,'9500 S HALSTED STREET','606211752'),(1292,'6300 S DAMEN AVENUE','606212237'),(1293,'200 W GARFIELD BLVD','606212452'),(1294,'2810 W 64TH ST','606212540'),(1295,'2900 W OGDEN','606212734'),(1296,'800 N CENTRAL AVENUE','606213231'),(1297,'3100 S DR MARTIN L KING','606213420'),(1298,'1 E 79TH STREET','606213850'),(1299,'1158 S 19TH PL','606221752'),(1300,'500 N COLUMBUS DRIVE','606222126'),(1301,'2400 N WESTERN AVENUE','606224417'),(1302,'10318 S INDIANAPOLIS','606224640'),(1303,'2912 W ROOSEVELT','606225009'),(1304,'1200 N ASHLAND AVENUE','606225522'),(1305,'2900 W OGDEN','606226249'),(1306,'4124 W FOSTER AVE','606227330'),(1307,'1802 S LAWNDALE','606231325'),(1308,'4846 W VAN BUREN','606231754'),(1309,'628 N MICHIGAN AVE','606231938'),(1310,'4325 W 21ST ST','606232150'),(1311,'1520 S CENTRAL PARK','606232172'),(1312,'115 N OGDEN','606232251'),(1313,'445 W 127TH','606232262'),(1314,'1864 S LAWNDALE','606232404'),(1315,'1804 S LAWNDALE','606232436'),(1316,'1904 S HAMLIN','606232436'),(1317,'1925 S AVERS','606232451'),(1318,'1908 S MILLARD','606232501'),(1319,'1862 S CENTRAL PARK','606232525'),(1320,'3034 W FOSTER','606232530'),(1321,'1853 S MILLARD','606232543'),(1322,'1801 S LAWNDALE','606232553'),(1323,'1810 S RIDGEWAY','606232558'),(1324,'1902 S RIDGEWAY','606232563'),(1325,'1940 S AVERS','606232578'),(1326,'8 W OHIO','606232622'),(1327,'258 E DELAWARE','606232682'),(1328,'4132 W CULLERTON','606232713'),(1329,'4110 W CULLERTON','606232713'),(1330,'349 E OHIO','606232716'),(1331,'4247 W CULLERTON','606232716'),(1332,'1865 S AVERFS','606232731'),(1333,'4234 W 21ST PL','606232752'),(1334,'4221 W 21ST ST','606232755'),(1335,'4254 W 21ST ST','606232755'),(1336,'4306 W 21ST PL','606232761'),(1337,'4310 W CULLERTON','606232761'),(1338,'4355 W 21ST PL','606232762'),(1339,'4322 W 21ST ST','606232763'),(1340,'4333 W 21ST ST','606232764'),(1341,'4340 W 21ST ST','606232764'),(1342,'4356 W CULLERTON','606232765'),(1343,'4354 W CULLERTON','606232765'),(1344,'4031 W 21ST ST','606232809'),(1345,'4030 N 21ST PL','606232829'),(1346,'4038 W 21ST PL','606232829'),(1347,'4248 W 21ST ST','606232901'),(1348,'6523 N WESTERN','606232904'),(1349,'900 W 24TH ST','606233034'),(1350,'400 N CENTRAL AVENUE','606233052'),(1351,'3800 W MADISON STREET','606233070'),(1352,'115 N OGDEN','606233212'),(1353,'3200 W 31ST STREET','606233219'),(1354,'5520 S WESTERN','606233293'),(1355,'2456 S HAMLIN','606233723'),(1356,'2400 W 55TH STREET','606233923'),(1357,'4200 S CICERO AVENUE','606233929'),(1358,'1834 S CENTRAL PARK','606234280'),(1359,'4200 S CICERO AVENUE','606234332'),(1360,'4800 W NORTH AVENUE','606234346'),(1361,'3652 W 19TH ST','606234392'),(1362,'2656 S AVERS','606234412'),(1363,'2656 S AVERS','606234412'),(1364,'324 S KEDZIE AVE','606234436'),(1365,'3843 S WESTERN','606234523'),(1366,'3843 S WESTERN','606234553'),(1367,'3500 W 63RD ST','606234655'),(1368,'10318 S INDIANAPOLIS','606235068'),(1369,'2917 W ROOSEVELT','606241002'),(1370,'400 S WESTERN AVENUE','606241024'),(1371,'3400 W NORTH AVE','606241145'),(1372,'1962 S HAMLIN','606241360'),(1373,'300 N HAMLIN AVENUE','606241397'),(1374,'3646 W MADISON','606241414'),(1375,'400 S WESTERN AVENUE','606241553'),(1376,'3646 W MADISON','606241573'),(1377,'5529 S WESTERN','606241801'),(1378,'30  HUBBARD','606242058'),(1379,'133 N CENTRAL AVE','606242282'),(1380,'1508 S CENTRAL PARK','606242664'),(1381,'1616 S RIDGEWAY','606242664'),(1382,'536 E MORGAN DR','606242732'),(1383,'4026 W VANBUREN','606242746'),(1384,'5572 W ADAMS','606243443'),(1385,'2912 W ROOSEVELT','606243447'),(1386,'200 W GARFIELD BLVD','606243449'),(1387,'324 S KEDZIE AVE','606243481'),(1388,'3214 N LINDER','606243539'),(1389,'3145 W POLK','606243681'),(1390,'3422 W DOUGLAS BLVD','606243693'),(1391,'210 E WALTON','606244017'),(1392,'2600 S KEDZIE AVENUE','606244020'),(1393,'7600 S STONY ISLAND A','606244132'),(1394,'1 S WESTERN AVE','606244291'),(1395,'4000 W CERMAK','606244572'),(1396,'4200 S CICERO AVENUE','606251604'),(1397,'4433 N WESTERN','606251604'),(1398,'6523 N WESTERN','606251706'),(1399,'4436 N WESTERN','606251918'),(1400,'2800 N CALIFORNIA AVE','606252910'),(1401,'3137 W PETERSON','606253117'),(1402,'4433 N WESTERN','606253545'),(1403,'4433 N WESTERN','606253545'),(1404,'1142 W IRVING PARK','606253814'),(1405,'5816 W JACKSON','606253897'),(1406,'4432 N LINCOLN','606254455'),(1407,'4124 W FOSTER AVE','606254801'),(1408,'4932 N KENTUCKY AVE','606255421'),(1409,'6643 S SACRAMENTO','606255810'),(1410,'7900 S STATE STREET','606255963'),(1411,'4433 N WESTERN','606256535'),(1412,'4400 N WESTERN AVENUE','606257281'),(1413,'5432 W LAWRENCE','606261334'),(1414,'6400 W IRVING PK','606261334'),(1415,'3400 W NORTH AVE','606261350'),(1416,'1200 W DEVON AVE','606262319'),(1417,'6523 N WESTERN','606262706'),(1418,'4200 S CICERO AVENUE','606262732'),(1419,'10318 S INDIANAPOLIS','606262967'),(1420,'5416 W WELLINGTON','606263924'),(1421,'1 S HALSTED STREET','606264825'),(1422,'413 E 65TH ST','606281367'),(1423,'6909 S KEDZIE','606281408'),(1424,'8345 S ASHLAND AVE','606281435'),(1425,'1133 S WABASH','606281819'),(1426,'418 E 65','606281931'),(1427,'7600 S STONY ISLAND A','606282214'),(1428,'10318 S INDIANAPOLIS','606282224'),(1429,'10318 S INDIANAPOLIS','606282265'),(1430,'1507 W 83rd ST','606282317'),(1431,'8318 S ASHLAND AVE','606282609'),(1432,'1633 S PULASKI','606283040'),(1433,'5025 S WABASH','606284016'),(1434,'8251 S ELIZABETH','606284112'),(1435,'536 E MORGAN DR','606284645'),(1436,'400 S WESTERN AVENUE','606284714'),(1437,'11100 S HALSTED ST','606284726'),(1438,'1315 W GARFIELD BLVD','606284801'),(1439,'1600 W 95TH STREET','606284827'),(1440,'3100 S DR MARTIN L KING','606285546'),(1441,'1927 S ALLPORT ST','606286202'),(1442,'1927 S ALLPORT ST','606286202'),(1443,'800 W 99TH ST','606286321'),(1444,'11100 S HALSTED ST','606286409'),(1445,'536 E MORGAN DR','606287235'),(1446,'2400 W 63RD ST','606287459'),(1447,'11900 S HALSTED','606287507'),(1448,'115 N OGDEN','606291027'),(1449,'3843 S WESTERN','606291145'),(1450,'5520 S WESTERN','606291370'),(1451,'5520 S WESTERN','606291718'),(1452,'1334 W GARFIELD BLVD','606291725'),(1453,'2400 W 63RD ST','606291728'),(1454,'3843 S WESTERN','606291856'),(1455,'9500 S HALSTED STREET','606291902'),(1456,'200 W GARFIELD BLVD','606291902'),(1457,'5420 S RACINE AVE','606291917'),(1458,'3450 W 71ST','606292035'),(1459,'5000 S ARCHER AVE','606292112'),(1460,'1315 W GARFIELD BLVD','606292216'),(1461,'6300 S KEDZIE AVE','606292433'),(1462,'7100 S KEDZIE AVENUE','606292514'),(1463,'3110 W 69TH ST','606292721'),(1464,'2959 W 64TH ST','606292806'),(1465,'6300 S WESTERN AVE','606292835'),(1466,'3131 W 64TH ST','606292869'),(1467,'3228 N NAGLE','606293418'),(1468,'3450 W 71ST','606293517'),(1469,'449 N COLUMBUS DR','606293630'),(1470,'4200 S CICERO AVENUE','606293924'),(1471,'141 N ASHLAND','606294826'),(1472,'6909 S KEDZIE','606294843'),(1473,'1334 W GARFIELD BLVD','606295129'),(1474,'7100 S KEDZIE AVENUE','606295434'),(1475,'4200 S CICERO AVENUE','606295619'),(1476,'4200 S CICERO AVENUE','606295740'),(1477,'6523 N WESTERN','606301111'),(1478,'5120 N PULASKI','606302619'),(1479,'5200 N NORTHWEST HWY','606302934'),(1480,'6000 N WESTERN AVE','606303069'),(1481,'5454 W IRVING PARK','606303536'),(1482,'2525 W FITCH AVE','606303889'),(1483,'2441 N CENTRAL AVE','606303984'),(1484,'3600 N CICERO AVENUE','606304441'),(1485,'8020 W FOREST PRESERVE AV','606304758'),(1486,'2900 W OGDEN','606321001'),(1487,'3655 W JACKSON','606321213'),(1488,'5520 S WESTERN','606321328'),(1489,'2522 W 65TH STREET','606321412'),(1490,'5529 S WESTERN','606321433'),(1491,'6909 S KEDZIE','606321623'),(1492,'115 N OGDEN','606321624'),(1493,'25 W HUBBARD','606321725'),(1494,'8318 S ASHLAND AVE','606321926'),(1495,'115 N OGDEN','606322114'),(1496,'4700 S KEDZIE AVE','606322275'),(1497,'4200 S CICERO AVENUE','606322303'),(1498,'5200 S CICERO AVE','606322315'),(1499,'3000 W CHICAGO AVENUE','606322406'),(1500,'4800 W 47TH ST','606322542'),(1501,'4426 S TALMAN','606322721'),(1502,'400 S WESTERN AVENUE','606323316'),(1503,'10318 S INDIANAPOLIS','606323672'),(1504,'3047 W JACKSON BLVD','606323739'),(1505,'6909 S KEDZIE','606324022'),(1506,'5520 S WESTERN','606324437'),(1507,'3843 S WESTERN','606324437'),(1508,'4200 S CICERO AVENUE','606324519'),(1509,'4800 W 47TH ST','606324535'),(1510,'3500 S WESTERN','606324937'),(1511,'10318 S INDIANAPOLIS','606331318'),(1512,'1600 W 87TH ST','606331323'),(1513,'445 W 127TH','606332057'),(1514,'3800 W MADISON STREET','606332066'),(1515,'2858 N HAMLIN','606342020'),(1516,'1600 W IRVING PARK ROA','606342634'),(1517,'2426 N DAMEN AVE','606342846'),(1518,'3600 N HARLEM AVENUE','606343324'),(1519,'5432 W LAWRENCE','606343333'),(1520,'6523 N WESTERN','606343407'),(1521,'8020 W FOREST PRESERVE AV','606343718'),(1522,'5200 W IRVING PARK ROA','606343813'),(1523,'5520 S WESTERN','606344089'),(1524,'5232 N MILWAUKEE AVE','606344117'),(1525,'6226 W IRVING PARK RD','606344344'),(1526,'115 N OGDEN','606344408'),(1527,'7200 W BELMONT AVE','606344837'),(1528,'3200 N KEDZIE AVE','606344905'),(1529,'6247 W FULLERTON','606344909'),(1530,'445 W 127TH','606345147'),(1531,'5454 W IRVING PARK','606345236'),(1532,'5330 S COTTAGE GROVE','606346242'),(1533,'3843 S WESTERN','606361101'),(1534,'536 E MORGAN DR','606361114'),(1535,'536 E MORGAN DR','606361115'),(1536,'62 E 95TH','606361418'),(1537,'3231 W DICKENS AV','606361628'),(1538,'6458 W 65TH ST','606361637'),(1539,'5520 S WESTERN','606362011'),(1540,'10318 S INDIANAPOLIS','606362133'),(1541,'200 W GARFIELD BLVD','606362334'),(1542,'10318 S INDIANAPOLIS','606362406'),(1543,'5520 S WESTERN','606362422'),(1544,'5520 S WESTERN','606362513'),(1545,'10318 S INDIANAPOLIS','606362544'),(1546,'6818 S KEDZIE','606363114'),(1547,'2400 W MARQUETTE ROAD','606363222'),(1548,'8007 S LOOMIS BLVD','606363452'),(1549,'3642 W 82ND PL','606363717'),(1550,'536 E MORGAN DR','606363812'),(1551,'6523 N WESTERN','606371108'),(1552,'258 E DELAWARE','606371965'),(1553,'413 E 65TH ST','606372136'),(1554,'10318 S INDIANAPOLIS','606372194'),(1555,'6300 S STATE ST','606372194'),(1556,'5330 S COTTAGE GROVE','606372435'),(1557,'1200 S PULASKI ROAD','606372456'),(1558,'5330 S COTTAGE GROVE','606372521'),(1559,'9500 S JEFFERY AVE','606372548'),(1560,'6700 S CORNELL DRIVE','606373598'),(1561,'4329 W 121ST PL','606373616'),(1562,'208 E WALTON','606373863'),(1563,'10318 S INDIANAPOLIS','606374019'),(1564,'7422 S JEFFERY','606374320'),(1565,'1334 W GARFIELD BLVD','606374513'),(1566,'4200 S CICERO AVENUE','606374698'),(1567,'4200 S CICERO AVENUE','606375338'),(1568,'2912 W ROOSEVELT','606375584'),(1569,'6601 S INGLESIDE AV','606375736'),(1570,'7600 S STONY ISLAND A','606376409'),(1571,'8700 S VINCENNES','606376531'),(1572,'2900 W OGDEN','606381907'),(1573,'1 S WESTERN AVE','606382004'),(1574,'5529 S WESTERN','606384202'),(1575,'5471 W HIGGINS','606384546'),(1576,'10318 S INDIANAPOLIS','606384614'),(1577,'4137 W CULLERTON','606391122'),(1578,'5403 W WELLINGTON','606391508'),(1579,'6250 W FULLERTON','606391586'),(1580,'6250 W FULLERTON','606391586'),(1581,'2000 N CICERO AVENUE','606391586'),(1582,'5454 W IRVING PARK','606391586'),(1583,'2400 N LARAMIE AVENUE','606391730'),(1584,'10318 S INDIANAPOLIS','606391826'),(1585,'6250 W FULLERTON','606392019'),(1586,'3137 W PETERSON','606392020'),(1587,'5211 W MONTANA','606392450'),(1588,'5211 W MONTANA','606392450'),(1589,'5200 W IRVING PARK ROA','606392622'),(1590,'5454 W IRVING PARK','606392622'),(1591,'5454 W IRVING PARK','606392622'),(1592,'5885 N RIDGE AVE','606392706'),(1593,'6247 W FULLERTON','606392920'),(1594,'506 S CENTRAL AVE','606393015'),(1595,'10318 S INDIANAPOLIS','606393106'),(1596,'2400 N LARAMIE AVENUE','606393112'),(1597,'7200 W BELMONT AVE','606393137'),(1598,'1000 W HOLLYWOOD AVE','606393508'),(1599,'2800 N CICERO AVENUE','606393661'),(1600,'2348 S KOSTNER AVENUE','606393822'),(1601,'612 W ALDINE AV','606393894'),(1602,'4400 W NORTH','606394205'),(1603,'132 S LAVERGNE','606394419'),(1604,'4000 W FULLERTON AVE','606394537'),(1605,'3137 W PETERSON','606401305'),(1606,'3137 W PETERSON','606401745'),(1607,'5200 N SHERIDAN ROAD','606401822'),(1608,'4124 W FOSTER AVE','606403716'),(1609,'232 E WALTON','606404978'),(1610,'400 W BELMONT AVE','606406057'),(1611,'3600 N WESTERN AVENUE','606406196'),(1612,'3137 W PETERSON','606407004'),(1613,'1142 W IRVING PARK','606407098'),(1614,'5600 W DIVERSEY AVENUE','606407257'),(1615,'324 E ILLINOIS ST','606407517'),(1616,'4400 N MILWAUKEE AVEN','606411635'),(1617,'3137 W PETERSON','606411824'),(1618,'5454 W IRVING PARK','606412603'),(1619,'3600 N CICERO AVENUE','606413428'),(1620,'4400 W NORTH','606413625'),(1621,'2050 S INDIANA ST','606413724'),(1622,'6523 N WESTERN','606414321'),(1623,'5404 W WELLINGTON','606414921'),(1624,'2000 N CICERO AVENUE','606415233'),(1625,'6523 N WESTERN','606415343'),(1626,'6250 W FULLERTON','606415346'),(1627,'8020 W FOREST PRESERVE AV','606415352'),(1628,'3034 N KILBOURN','606415362'),(1629,'2957 N PULASKI','606415421'),(1630,'140 N ASHLAND','606426188'),(1631,'115 N OGDEN','606426516'),(1632,'1315 W GARFIELD BLVD','606428305'),(1633,'324 S KEDZIE AVE','606428700'),(1634,'623 E OHIO','606431203'),(1635,'9500 S ASHLAND AVENUE','606431610'),(1636,'8345 S ASHLAND AVE','606431610'),(1637,'515 S CENTRAL AVE','606432074'),(1638,'1000 W HOLLYWOOD AVE','606432221'),(1639,'10959 S NORMAL','606432342'),(1640,'536 E MORGAN DR','606432601'),(1641,'2416 W 103RD ST','606432741'),(1642,'8345 S ASHLAND AVE','606433423'),(1643,'8345 S ASHLAND AVE','606433624'),(1644,'2513 W 55TH','606433811'),(1645,'8318 S ASHLAND AVE','606433824'),(1646,'7600 S STONY ISLAND A','606434026'),(1647,'11111 S HALE','606434247'),(1648,'5200 N BROADWAY ST','606434518'),(1649,'445 W 127TH','606435014'),(1650,'848 W 87TH STREET','606436606'),(1651,'8230 S ELIZABETH','606441047'),(1652,'2400 W CHICAGO AVE','606441212'),(1653,'335 E OHIO','606441227'),(1654,'2604 E 73 ST','606441511'),(1655,'3906 W ROOSEVELT','606441584'),(1656,'5200 W MADISON STREET','606441627'),(1657,'140 N ASHLAND','606441652'),(1658,'2121 N MASON','606441660'),(1659,'2121 N MASON','606441660'),(1660,'235 N LONG AVE','606441753'),(1661,'515 S CENTRAL AVE','606441854'),(1662,'1628 S HAMLIN','606442091'),(1663,'800 N CENTRAL AVENUE','606442128'),(1664,'5200 W MADISON STREET','606442223'),(1665,'3655 W JACKSON','606442313'),(1666,'4800 W HARRISON STREET','606442332'),(1667,'5435 W LAKE ST','606442337'),(1668,'506 S CENTRAL AVE','606442438'),(1669,'400 S WESTERN AVENUE','606442624'),(1670,'3400 W NORTH AVE','606442630'),(1671,'300 N HAMLIN AVENUE','606442631'),(1672,'3646 W MADISON','606442729'),(1673,'5529 S WESTERN','606442839'),(1674,'528 N HAMLIN','606442947'),(1675,'127 N CENTRAL AVE','606443132'),(1676,'1 E 63RD ST','606443151'),(1677,'7600 S STONY ISLAND A','606443361'),(1678,'4200 S CICERO AVENUE','606443944'),(1679,'115 N OGDEN','606444308'),(1680,'3100 W AUGUSTA','606444807'),(1681,'235 S LAVERGNE','606444885'),(1682,'2912 W ROOSEVELT','606445246'),(1683,'515 S CENTRAL AVE','606445520'),(1684,'4400 W ROOSEVELT','606445551'),(1685,'6000 N WESTERN AVE','606451138'),(1686,'6523 N WESTERN','606451222'),(1687,'7318 N OAKLEY AVE','606451828'),(1688,'1142 W IRVING PARK','606453033'),(1689,'1333 S WABASH AVE','606453212'),(1690,'5885 N RIDGE AVE','606454522'),(1691,'3600 N WESTERN AVENUE','606454982'),(1692,'200 W GARFIELD BLVD','606454994'),(1693,'6403 N OAKLEY','606455418'),(1694,'1901 E 75TH ST','606455573'),(1695,'7422 S JEFFERY','606455573'),(1696,'2000 N KEDZIE AVENUE','606455977'),(1697,'5120 N PULASKI','606464702'),(1698,'4800 W PETERSON AVENUE','606465126'),(1699,'1142 W IRVING PARK','606470324'),(1700,'4433 N WESTERN','606471502'),(1701,'115 N OGDEN','606471815'),(1702,'2000 N KEDZIE AVENUE','606471836'),(1703,'140 N ASHLAND','606474618'),(1704,'3400 W NORTH AVE','606475109'),(1705,'3843 S WESTERN','606475234'),(1706,'1142 W IRVING PARK','606475469'),(1707,'500 W ROOSEVELT ROAD','606477503'),(1708,'9257 S BLACKSTONE','606491333'),(1709,'10318 S INDIANAPOLIS','606491427'),(1710,'2400 W VAN BUREN STREE','606491514'),(1711,'320 N LAMON','606492212'),(1712,'7600 S STONY ISLAND A','606492216'),(1713,'2400 N ASHLAND AVENUE','606492308'),(1714,'6300 S PULASKI RD','606492398'),(1715,'5330 S COTTAGE GROVE','606492537'),(1716,'1901 E 75TH ST','606492763'),(1717,'1 E 63RD ST','606492830'),(1718,'1901 E 75TH ST','606492906'),(1719,'115 W ERIE','606493226'),(1720,'200 W GARFIELD BLVD','606493757'),(1721,'2749 E 75TH ST','606493809'),(1722,'1 E 79TH STREET','606494180'),(1723,'2749 E 73RD ST','606495813'),(1724,'2749 E 73RD ST','606495813'),(1725,'1901 E 75TH ST','606495953'),(1726,'6700 S CORNELL DRIVE','606496176'),(1727,'8345 S ASHLAND AVE','606496261'),(1728,'1247 N LOCKWOOD AV','606511133'),(1729,'3600 N HARLEM AVENUE','606511154'),(1730,'4400 W NORTH','606511301'),(1731,'515 S CENTRAL AVE','606511307'),(1732,'3000 W CHICAGO AVENUE','606511347'),(1733,'3100 W AUGUSTA','606511347'),(1734,'5885 N RIDGE AVE','606511351'),(1735,'30 W 87TH STREET','606511358'),(1736,'1642 S LAWNDALD','606511458'),(1737,'6000 S SACRAMENTO','606511517'),(1738,'340 W UPPER WACKER DR','606511826'),(1739,'5520 S WESTERN','606511855'),(1740,'5500 S WESTERN AVE','606512097'),(1741,'1142 W IRVING PARK','606512114'),(1742,'800 N CICERO AVENUE','606512511'),(1743,'506 S CENTRAL AVE','606512746'),(1744,'3100 W AUGUSTA','606512842'),(1745,'3200 W BELMONT','606512851'),(1746,'4030 W 21ST PL','606512912'),(1747,'340 W UPPER WACKER DR','606513111'),(1748,'216 E OHIO','606513431'),(1749,'4400 W ROOSEVELT','606513837'),(1750,'400 N CENTRAL AVENUE','606513972'),(1751,'251 E WALTON','606514014'),(1752,'1142 W IRVING PARK','606514155'),(1753,'10318 S INDIANAPOLIS','606514350'),(1754,'445 W 127TH','606521435'),(1755,'3843 S WESTERN','606521455'),(1756,'7100 S KEDZIE AVENUE','606522006'),(1757,'324 S KEDZIE AVE','606522226'),(1758,'340 W UPPER WACKER DR','606522251'),(1759,'6330 S DAMEN','606522437'),(1760,'3843 S WESTERN','606523729'),(1761,'9500 S ASHLAND AVENUE','606531086'),(1762,'1 S WESTERN AVE','606531947'),(1763,'1600 W 95TH STREET','606532198'),(1764,'7422 S JEFFERY','606533089'),(1765,'5330 S COTTAGE GROVE','606533411'),(1766,'98 E 46TH ST','606533857'),(1767,'1315 W GARFIELD BLVD','606534450'),(1768,'536 E MORGAN DR','606534450'),(1769,'100 N CICERO AVENUE','606535301'),(1770,'841 N LARRABEE','606543471'),(1771,'1012 N DEARBORN','606547190'),(1772,'2416 W 103RD ST','606552301'),(1773,'2417 W 103RD ST','606552425'),(1774,'10318 S INDIANAPOLIS','606552721'),(1775,'2417 W 103RD ST','606553202'),(1776,'2417 W 103RD ST','606553219'),(1777,'324 S KEDZIE AVE','606561714'),(1778,'3137 W PETERSON','606561743'),(1779,'4000 W FULLERTON AVE','606561961'),(1780,'4433 N WESTERN','606571026'),(1781,'2400 N ASHLAND AVENUE','606573112'),(1782,'2400 N LARAMIE AVENUE','606573324'),(1783,'200 N UPPER WACKER DR','606574838'),(1784,'5330 S COTTAGE GROVE','606574889'),(1785,'1142 W IRVING PARK','606575628'),(1786,'4800 N ASHLAND AVENUE','606577071'),(1787,'642 W ALDINE AV','606577258'),(1788,'1142 W IRVING PARK','606577597'),(1789,'6000 N WESTERN AVE','606591337'),(1790,'6523 N WESTERN','606591531'),(1791,'6316 N CALIFORNIA','606591574'),(1792,'547 S COLUMBUS','606591649'),(1793,'3137 W PETERSON','606591723'),(1794,'6400 N SHERIDAN ROAD','606591728'),(1795,'6235 N CAMPBELL','606592551'),(1796,'1430 W FARGO','606593368'),(1797,'4000 W ARMITAGE AVENUE','606593478'),(1798,'1 S WESTERN AVE','606593511'),(1799,'2400 W MADISON','606593511'),(1800,'6523 N WESTERN','606594014'),(1801,'927 W CULLOM','606594399'),(1802,'6523 N WESTERN','606594725'),(1803,'6638 N CAMPBELL','606594824'),(1804,'3137 W PETERSON','606595180'),(1805,'2400 N WESTERN AVENUE','606595320'),(1806,'4124 W FOSTER AVE','606600184'),(1807,'1150 S WABASH','606601329'),(1808,'4800 N ASHLAND AVENUE','606601817'),(1809,'5885 N RIDGE AVE','606602328'),(1810,'2800 W DEVON AVENUE','606603161'),(1811,'743 W BUCKINGHAM PL','606603369'),(1812,'176 N MORGAN','606603602'),(1813,'400 S WESTERN AVENUE','606603736'),(1814,'5471 W HIGGINS','606603940'),(1815,'3100 W AUGUSTA','606604368'),(1816,'4800 N ASHLAND AVENUE','606604459'),(1817,'3137 W PETERSON','606604710'),(1818,'5885 N RIDGE AVE','606604817'),(1819,'228 S DESPLAINES','606615538'),(1820,'8020 W FOREST PRESERVE AV','607062607'),(1821,'6000 W ADDISON STREET','607062801'),(1822,'1142 W IRVING PARK','607063068'),(1823,'8006 W ADDISON ST','607063116'),(1824,'7200 W ADDISON','607063340'),(1825,'8020 W FOREST PRESERVE AV','607063904'),(1826,'7200 N WESTERN AVENUE','607071212'),(1827,'8006 W ADDISON ST','607071257'),(1828,'3200 N HARLEM AVE','607071357'),(1829,'4436 N WESTERN','607071401'),(1830,'3600 N CICERO AVENUE','607071537'),(1831,'2636 N NORMANDY','607072224'),(1832,'1 S WESTERN AVE','607072542'),(1833,'800 N WESTERN AVE','607072542'),(1834,'8020 W FOREST PRESERVE AV','607073604'),(1835,'6247 W FULLERTON','607074143'),(1836,'1334 W GARFIELD BLVD','607074422'),(1837,'3646 W MADISON','607074424'),(1838,'2000 W DIVISION','607074539'),(1839,'7200 N WESTERN AVENUE','607121804'),(1840,'5120 N PULASKI','607123718'),(1841,'1818 S HAMLIN','607123821'),(1842,'4433 N WESTERN','607123835'),(1843,'5885 N RIDGE AVE','607123836'),(1844,'4124 W FOSTER AVE','607141527'),(1845,'4446 N BROADWAY','607141606'),(1846,'3200 N KEDZIE AVE','607142936'),(1847,'445 W 127TH','608031740'),(1848,'4400 W OGDEN AVENUE','608032208'),(1849,'4200 S CICERO AVENUE','608033907'),(1850,'249 E WALTON','608042097'),(1851,'6250 W FULLERTON','608042602'),(1852,'1647 S SPRINGFIELD','608042609'),(1853,'6136 S WASHTENAW','608042978'),(1854,'3200 N KEDZIE AVE','608043307'),(1855,'115 N OGDEN','608043424'),(1856,'2900 W OGDEN','608043706'),(1857,'800 N CENTRAL AVENUE','608043916'),(1858,'5407 W WELLINGTON','608044040'),(1859,'5529 S WESTERN','608044132'),(1860,'3100 S KEDZIE AVENUE','608044333'),(1861,'1660 S MILLARD','608052506'),(1862,'445 W 127TH','608271126'),(1863,'7600 S STONY ISLAND A','608271414'),(1864,'445 W 127TH','608271808'),(1865,'8700 S LAFAYETTE AVEN','608271812'),(1866,'1 E 63RD ST','608272324'),(1867,'8318 S ASHLAND AVE','608272333'),(1868,'57 E 95TH','608272807'),(1869,'536 E MORGAN DR','608272816'),(1870,'445 W 127TH','608276010'),(1871,'79 E 8TH ST','609012772'),(1872,'8700 S LAFAYETTE AVEN','609501156'),(1873,'2426 N DAMEN AVE','610681125'),(1874,'1641 W CULLERTON','610711555'),(1875,'2800 W DEVON AVENUE','610851444'),(1876,'545 N MICHIGAN','611011877'),(1877,'5200 W FULLERTON AVENUE','611016418'),(1878,'5520 S WESTERN','611022810'),(1879,'1 E 79TH STREET','611033648'),(1880,'1 S WESTERN AVE','611091568'),(1881,'7100 S KEDZIE AVENUE','611153218'),(1882,'800 N CENTRAL AVENUE','612015906'),(1883,'2800 N CICERO AVENUE','612441430'),(1884,'3843 S WESTERN','616042079'),(1885,'5600 W FULLERTON AVENU','618203392'),(1886,'2900 W OGDEN','618223694'),(1887,'6226 W IRVING PARK RD','618227102'),(1888,'258 E DELAWARE','618323689'),(1889,'100 W CHICAGO AVENUE','618663509'),(1890,'9500 S ASHLAND AVENUE','620354329'),(1891,'2902 W 64TH ST','623016917'),(1892,'340 W UPPER WACKER DR','624014478'),(1893,'2200 S PULASKI','625212707'),(1894,'1460 W BIRCHWOOD','625222800'),(1895,'11100 S HALSTED ST','625639566'),(1896,'4400 N WESTERN AVENUE','625682234'),(1897,'2912 W ROOSEVELT','627031350'),(1898,'10318 S INDIANAPOLIS','627031517'),(1899,'500 N COLUMBUS DRIVE','628643652'),(1900,'115 N OGDEN','681102615'),(1901,'2400 W PETERSON','731153638'),(1902,'4000 W ARMITAGE AVENUE','741341424'),(1903,'5330 S COTTAGE GROVE','741341424'),(1904,'4436 N WESTERN','741341424'),(1905,'10318 S INDIANAPOLIS','741341424'),(1906,'1142 W IRVING PARK','741341424'),(1907,'1315 W GARFIELD BLVD','741341424'),(1908,'115 N OGDEN','741341424'),(1909,'536 E MORGAN DR','741341424'),(1910,'3137 W PETERSON','802182962'),(1911,'1142 W IRVING PARK','805387002'),(1912,'2556 W CHICAGO','813015645'),(1913,'6426 S KEDVALE','852010000'),(1914,'300 N HAMLIN AVENUE','852010000'),(1915,'1507 W 83rd ST','852010000'),(1916,'62 E 95TH','852010000'),(1917,'350 W BELDEN AV','852010000'),(1918,'536 E MORGAN DR','852010000'),(1919,'515 S CENTRAL AVE','852010000'),(1920,'5520 S WESTERN','852010000'),(1921,'1315 W GARFIELD BLVD','852010000'),(1922,'1142 W IRVING PARK','852013000'),(1923,'3137 W PETERSON','981072344'),(1924,'1542 W BIRCHWOOD',''),(1925,'453 N MCCLURG',''),(1926,'90 E 46TH STREET',''),(1927,'220 W ERIE ST',''),(1928,'21 E HUBBARD',''),(1929,'665 W ALDINE AV',''),(1930,'203 S COLUMBUS DR',''),(1931,'11110 S HALE',''),(1932,'254 E WALTON',''),(1933,'252 E WALTON',''),(1934,'250 E WALTON',''),(1935,'248 E WALTON',''),(1936,'6101 S SACRAMENTO',''),(1937,'413 E OHIO',''),(1938,'645 W BUCKINGHAM PL',''),(1939,'441 N STATE',''),(1940,'4900 S CHAMPLAIN',''),(1941,'5006 W MONROE ST',''),(1942,'420 E 65TH',''),(1943,'410 E 65 ST',''),(1944,'410 E 65ST',''),(1945,'410 E 65ST',''),(1946,'5101 W SCHUBERT',''),(1947,'645 N STATE',''),(1948,'5344 W ALTGELD',''),(1949,'5344 W ALTGELD',''),(1950,'1730 N ST LOUIS',''),(1951,'6127 S UNIVERSITY',''),(1952,'1114 N LOREL',''),(1953,'7808 S SOUTH SHORE DR',''),(1954,'2706 N KIMBALL',''),(1955,'6140 S WASHTENAW',''),(1956,'2841 N CLYBOURN',''),(1957,'2815 N LEAVITT',''),(1958,'3560 W DICKENS',''),(1959,'2341 E 70TH ST',''),(1960,'4025 W 21ST ST',''),(1961,'1328 S LAWNDALE',''),(1962,'4242 W 21ST ST',''),(1963,'2917 W 64TH ST',''),(1964,'6102 N SEELEY',''),(1965,'6115 N SEELEY',''),(1966,'1304 N LCKWOOD AVE',''),(1967,'2010 W COLUMBIA',''),(1968,'122 E ERIE',''),(1969,'2040 W COLUMBIA',''),(1970,'4143 N 21ST PL',''),(1971,'2745 E 75TH ST',''),(1972,'1645 W MONROE',''),(1973,'2439 S TROY ST',''),(1974,'3540 W HURON',''),(1975,'4130 W CULLERTON',''),(1976,'3231 W DICKENS AV',''),(1977,'2711 S STATE ST',''),(1978,'5019 S ST LAWRENCE AVE',''),(1979,'5019 S ST LAWRENCE AVE',''),(1980,'1639 S WABASH AVE',''),(1981,'1925 S RACINE AVE',''),(1982,'5400 W WELLINGTON',''),(1983,'175 N MORGAN',''),(1984,'3809 S SACRAMENTO AVE',''),(1985,'71 E 8TH ST',''),(1986,'10346 S WALDEN PKWY',''),(1987,'9227 S BLACKSTONE AV',''),(1988,'6011 S KOLIN',''),(1989,'6010 S KOLIN',''),(1990,'3012 N PULASKI',''),(1991,'3800 W FILLMORE ST',''),(1992,'900 N MICHIGAN','');
/*!40000 ALTER TABLE `locations` ENABLE KEYS */;
UNLOCK TABLES;

--
-- Table structure for table `notice_levels`
--

DROP TABLE IF EXISTS `notice_levels`;
/*!40101 SET @saved_cs_client     = @@character_set_client */;
/*!50503 SET character_set_client = utf8mb4 */;
CREATE TABLE `notice_levels` (
  `notice_level_id` int NOT NULL,
  `notice_level` varchar(50) NOT NULL,
  PRIMARY KEY (`notice_level_id`)
) ENGINE=InnoDB DEFAULT CHARSET=utf8mb4 COLLATE=utf8mb4_0900_ai_ci;
/*!40101 SET character_set_client = @saved_cs_client */;

--
-- Dumping data for table `notice_levels`
--

LOCK TABLES `notice_levels` WRITE;
/*!40000 ALTER TABLE `notice_levels` DISABLE KEYS */;
INSERT INTO `notice_levels` VALUES (1,'DETR'),(2,'DLS'),(3,'FINL'),(4,'SEIZ'),(5,'VIOL'),(6,'');
/*!40000 ALTER TABLE `notice_levels` ENABLE KEYS */;
UNLOCK TABLES;

--
-- Table structure for table `officers`
--

DROP TABLE IF EXISTS `officers`;
/*!40101 SET @saved_cs_client     = @@character_set_client */;
/*!50503 SET character_set_client = utf8mb4 */;
CREATE TABLE `officers` (
  `officer_id` int NOT NULL,
  `officer` varchar(100) NOT NULL,
  PRIMARY KEY (`officer_id`)
) ENGINE=InnoDB DEFAULT CHARSET=utf8mb4 COLLATE=utf8mb4_0900_ai_ci;
/*!40101 SET character_set_client = @saved_cs_client */;

--
-- Dumping data for table `officers`
--

LOCK TABLES `officers` WRITE;
/*!40000 ALTER TABLE `officers` DISABLE KEYS */;
INSERT INTO `officers` VALUES (1,'319'),(2,'371'),(3,'375'),(4,'376'),(5,'494'),(6,'1170'),(7,'1717'),(8,'1939'),(9,'2822'),(10,'2920'),(11,'2950'),(12,'3051'),(13,'3073'),(14,'3263'),(15,'3374'),(16,'3593'),(17,'3699'),(18,'3735'),(19,'3774'),(20,'3786'),(21,'3805'),(22,'4064'),(23,'4184'),(24,'4509'),(25,'4635'),(26,'4722'),(27,'4852'),(28,'4988'),(29,'5019'),(30,'5037'),(31,'5085'),(32,'5088'),(33,'5105'),(34,'5146'),(35,'5274'),(36,'5565'),(37,'5612'),(38,'5666'),(39,'5776'),(40,'5902'),(41,'5996'),(42,'6069'),(43,'6317'),(44,'6341'),(45,'6882'),(46,'6890'),(47,'6964'),(48,'7043'),(49,'7203'),(50,'7317'),(51,'7416'),(52,'7540'),(53,'7552'),(54,'7746'),(55,'7825'),(56,'7861'),(57,'7930'),(58,'8275'),(59,'8364'),(60,'8765'),(61,'8840'),(62,'8846'),(63,'8997'),(64,'9240'),(65,'9463'),(66,'9497'),(67,'9502'),(68,'9550'),(69,'9669'),(70,'9991'),(71,'10059'),(72,'10089'),(73,'10161'),(74,'10193'),(75,'10383'),(76,'10416'),(77,'10461'),(78,'10612'),(79,'10912'),(80,'10978'),(81,'11088'),(82,'11238'),(83,'11254'),(84,'11900'),(85,'11906'),(86,'11912'),(87,'12078'),(88,'12155'),(89,'12183'),(90,'12370'),(91,'12842'),(92,'12926'),(93,'13086'),(94,'13091'),(95,'13136'),(96,'13147'),(97,'13226'),(98,'13508'),(99,'13735'),(100,'13762'),(101,'13817'),(102,'13882'),(103,'13947'),(104,'13956'),(105,'14005'),(106,'14009'),(107,'14090'),(108,'14163'),(109,'14415'),(110,'14550'),(111,'14634'),(112,'14755'),(113,'14852'),(114,'14888'),(115,'14912'),(116,'15654'),(117,'16015'),(118,'16016'),(119,'16180'),(120,'16619'),(121,'16625'),(122,'16642'),(123,'16706'),(124,'16996'),(125,'17136'),(126,'17160'),(127,'17172'),(128,'17198'),(129,'17261'),(130,'17345'),(131,'17441'),(132,'17482'),(133,'18013'),(134,'18047'),(135,'18055'),(136,'18073'),(137,'18088'),(138,'18300'),(139,'18405'),(140,'18413'),(141,'18434'),(142,'18459'),(143,'18473'),(144,'18521'),(145,'18533'),(146,'18590'),(147,'18720'),(148,'18796'),(149,'18819'),(150,'18876'),(151,'18887'),(152,'18913'),(153,'19165'),(154,'19287'),(155,'19349'),(156,'19424'),(157,'19473'),(158,'19549'),(159,'19607'),(160,'19622'),(161,'19636'),(162,'19690'),(163,'19693'),(164,'19843'),(165,'19880'),(166,'CNDT'),(167,'SPEED');
/*!40000 ALTER TABLE `officers` ENABLE KEYS */;
UNLOCK TABLES;

--
-- Table structure for table `units`
--

DROP TABLE IF EXISTS `units`;
/*!40101 SET @saved_cs_client     = @@character_set_client */;
/*!50503 SET character_set_client = utf8mb4 */;
CREATE TABLE `units` (
  `unit_id` int NOT NULL,
  `unit_number` varchar(50) NOT NULL,
  PRIMARY KEY (`unit_id`)
) ENGINE=InnoDB DEFAULT CHARSET=utf8mb4 COLLATE=utf8mb4_0900_ai_ci;
/*!40101 SET character_set_client = @saved_cs_client */;

--
-- Dumping data for table `units`
--

LOCK TABLES `units` WRITE;
/*!40000 ALTER TABLE `units` DISABLE KEYS */;
INSERT INTO `units` VALUES (1,'1'),(2,'2'),(3,'3'),(4,'4'),(5,'5'),(6,'6'),(7,'7'),(8,'8'),(9,'9'),(10,'10'),(11,'11'),(12,'12'),(13,'14'),(14,'15'),(15,'16'),(16,'17'),(17,'18'),(18,'19'),(19,'22'),(20,'24'),(21,'25'),(22,'50'),(23,'495'),(24,'716'),(25,'CNDT'),(26,'SPD');
/*!40000 ALTER TABLE `units` ENABLE KEYS */;
UNLOCK TABLES;

--
-- Table structure for table `vehicle_locations`
--

DROP TABLE IF EXISTS `vehicle_locations`;
/*!40101 SET @saved_cs_client     = @@character_set_client */;
/*!50503 SET character_set_client = utf8mb4 */;
CREATE TABLE `vehicle_locations` (
  `issue_date` varchar(100) NOT NULL,
  `location_id` int NOT NULL,
  `vehicle_id` int NOT NULL,
  `citation_id` int NOT NULL,
  PRIMARY KEY (`location_id`,`vehicle_id`,`citation_id`),
  KEY `fk_vehicle_locations_vehicles1_idx` (`vehicle_id`),
  KEY `fk_vehicle_locations_citations1_idx` (`citation_id`),
  CONSTRAINT `fk_vehicle_locations_citations1` FOREIGN KEY (`citation_id`) REFERENCES `citations` (`citation_id`),
  CONSTRAINT `fk_vehicle_locations_locations1` FOREIGN KEY (`location_id`) REFERENCES `locations` (`location_id`),
  CONSTRAINT `fk_vehicle_locations_vehicles1` FOREIGN KEY (`vehicle_id`) REFERENCES `vehicles` (`vehicle_id`)
) ENGINE=InnoDB DEFAULT CHARSET=utf8mb4 COLLATE=utf8mb4_0900_ai_ci;
/*!40101 SET character_set_client = @saved_cs_client */;

--
-- Dumping data for table `vehicle_locations`
--

LOCK TABLES `vehicle_locations` WRITE;
/*!40000 ALTER TABLE `vehicle_locations` DISABLE KEYS */;
INSERT INTO `vehicle_locations` VALUES ('1/1/2021 10:00',1,32,1245),('1/1/2021 0:15',2,26,22),('1/1/2021 7:39',3,26,779),('1/1/2021 11:22',4,26,1537),('1/1/2021 8:07',5,26,847),('1/1/2021 14:12',6,26,1959),('1/1/2021 7:15',7,16,701),('1/1/2021 11:18',8,7,1522),('1/1/2021 10:45',9,26,1416),('1/1/2021 6:27',10,26,587),('1/1/2021 10:50',11,26,1432),('1/1/2021 12:09',12,26,1625),('1/1/2021 10:45',13,26,1417),('1/1/2021 6:48',14,7,635),('1/1/2021 3:40',15,33,380),('1/1/2021 1:25',16,32,141),('1/1/2021 12:57',17,26,1740),('1/1/2021 12:07',18,26,1623),('1/1/2021 10:02',19,26,1249),('1/1/2021 0:45',20,26,58),('1/1/2021 2:15',21,26,238),('1/1/2021 2:03',22,26,213),('1/1/2021 13:09',23,26,1775),('1/1/2021 3:16',24,26,339),('1/1/2021 2:27',25,26,264),('1/1/2021 2:10',26,26,226),('1/1/2021 14:01',26,26,1921),('1/1/2021 0:23',28,26,30),('1/1/2021 9:49',29,26,1206),('1/1/2021 10:13',30,26,1294),('1/1/2021 9:05',31,26,1072),('1/1/2021 12:46',32,26,1711),('1/1/2021 1:20',33,6,130),('1/1/2021 6:43',33,26,621),('1/1/2021 10:38',35,23,1387),('1/1/2021 10:38',35,23,1388),('1/1/2021 8:22',37,25,887),('1/1/2021 7:49',38,26,798),('1/1/2021 10:18',38,26,1317),('1/1/2021 2:00',40,8,208),('1/1/2021 1:51',40,20,190),('1/1/2021 0:22',40,26,28),('1/1/2021 12:07',40,26,1620),('1/1/2021 12:28',40,26,1666),('1/1/2021 12:54',45,26,1734),('1/1/2021 3:54',46,26,393),('1/1/2021 2:26',47,26,262),('1/1/2021 11:15',47,26,1512),('1/1/2021 6:41',49,26,613),('1/1/2021 6:51',49,26,644),('1/1/2021 6:36',51,26,607),('1/1/2021 1:47',52,14,182),('1/1/2021 4:11',53,26,416),('1/1/2021 14:03',54,26,1924),('1/1/2021 12:53',55,26,1732),('1/1/2021 12:56',56,26,1738),('1/1/2021 13:47',57,26,1878),('1/1/2021 3:15',58,10,337),('1/1/2021 0:42',58,26,54),('1/1/2021 8:24',58,26,900),('1/1/2021 11:12',58,26,1499),('1/1/2021 12:58',58,26,1741),('1/1/2021 8:39',63,7,973),('1/1/2021 8:36',64,7,958),('1/1/2021 1:06',64,26,88),('1/1/2021 1:37',66,26,160),('1/1/2021 10:24',67,26,1334),('1/1/2021 11:06',68,26,1482),('1/1/2021 4:55',69,26,456),('1/1/2021 13:03',70,26,1759),('1/1/2021 9:03',71,26,1066),('1/1/2021 8:49',72,26,1013),('1/1/2021 3:35',73,26,372),('1/1/2021 13:15',73,26,1790),('1/1/2021 9:32',75,26,1167),('1/1/2021 10:10',75,26,1272),('1/1/2021 11:42',75,26,1580),('1/1/2021 6:34',78,26,601),('1/1/2021 1:04',79,26,84),('1/1/2021 2:11',79,26,230),('1/1/2021 6:17',79,26,560),('1/1/2021 11:33',79,26,1562),('1/1/2021 1:00',83,26,76),('1/1/2021 11:44',83,26,1582),('1/1/2021 7:23',85,26,724),('1/1/2021 11:33',85,26,1564),('1/1/2021 12:26',85,26,1660),('1/1/2021 6:18',88,26,562),('1/1/2021 13:01',88,26,1753),('1/1/2021 11:52',90,9,1600),('1/1/2021 5:49',90,26,505),('1/1/2021 6:08',90,26,536),('1/1/2021 6:10',90,26,543),('1/1/2021 7:19',90,26,718),('1/1/2021 10:57',90,26,1452),('1/1/2021 10:59',90,26,1459),('1/1/2021 13:52',90,26,1898),('1/1/2021 1:13',90,33,106),('1/1/2021 9:42',99,26,1186),('1/1/2021 13:01',99,26,1752),('1/1/2021 9:38',101,12,1175),('1/1/2021 7:35',101,26,761),('1/1/2021 10:16',101,26,1304),('1/1/2021 7:45',104,26,793),('1/1/2021 14:13',104,26,1962),('1/1/2021 12:47',106,26,1712),('1/1/2021 8:12',107,26,858),('1/1/2021 11:09',107,26,1494),('1/1/2021 11:31',107,26,1554),('1/1/2021 2:22',110,26,252),('1/1/2021 8:39',110,26,975),('1/1/2021 8:58',110,26,1045),('1/1/2021 9:24',110,26,1140),('1/1/2021 3:45',114,26,382),('1/1/2021 2:10',115,26,228),('1/1/2021 8:11',116,26,855),('1/1/2021 8:45',116,26,1000),('1/1/2021 10:17',116,26,1313),('1/1/2021 10:03',119,26,1251),('1/1/2021 13:28',119,26,1824),('1/1/2021 1:38',121,26,161),('1/1/2021 2:46',121,26,298),('1/1/2021 7:00',121,26,668),('1/1/2021 9:36',124,12,1174),('1/1/2021 11:37',125,11,1569),('1/1/2021 10:11',125,26,1280),('1/1/2021 7:23',127,26,722),('1/1/2021 2:50',128,16,306),('1/1/2021 11:32',128,26,1560),('1/1/2021 13:48',130,26,1881),('1/1/2021 6:19',131,26,570),('1/1/2021 7:29',132,26,748),('1/1/2021 1:28',133,8,145),('1/1/2021 12:59',133,26,1745),('1/1/2021 3:39',135,26,378),('1/1/2021 12:51',135,26,1721),('1/1/2021 0:59',137,26,73),('1/1/2021 1:11',138,32,101),('1/1/2021 13:48',139,26,1883),('1/1/2021 5:23',140,26,487),('1/1/2021 8:53',141,26,1027),('1/1/2021 10:08',142,26,1264),('1/1/2021 1:14',143,10,109),('1/1/2021 1:18',144,15,125),('1/1/2021 3:08',144,26,328),('1/1/2021 12:41',146,26,1701),('1/1/2021 10:59',147,12,1458),('1/1/2021 10:51',147,25,1434),('1/1/2021 1:22',147,26,134),('1/1/2021 1:48',147,26,183),('1/1/2021 6:04',147,26,519),('1/1/2021 6:09',147,26,541),('1/1/2021 7:01',147,26,670),('1/1/2021 8:21',147,26,883),('1/1/2021 8:24',147,26,905),('1/1/2021 9:34',147,26,1169),('1/1/2021 12:45',147,26,1707),('1/1/2021 8:36',158,10,960),('1/1/2021 8:48',158,26,1009),('1/1/2021 11:23',158,26,1539),('1/1/2021 12:13',158,26,1631),('1/1/2021 13:06',158,26,1769),('1/1/2021 13:51',158,26,1890),('1/1/2021 9:43',164,26,1194),('1/1/2021 12:48',164,26,1714),('1/1/2021 13:21',164,26,1805),('1/1/2021 12:35',167,26,1683),('1/1/2021 7:21',168,10,719),('1/1/2021 1:19',168,26,129),('1/1/2021 2:05',168,26,218),('1/1/2021 2:26',168,26,261),('1/1/2021 3:08',168,26,327),('1/1/2021 3:17',168,26,343),('1/1/2021 4:27',168,26,433),('1/1/2021 6:18',168,26,565),('1/1/2021 8:51',168,26,1017),('1/1/2021 9:28',168,26,1155),('1/1/2021 12:27',168,26,1665),('1/1/2021 13:15',168,26,1791),('1/1/2021 8:32',180,26,945),('1/1/2021 11:00',180,26,1461),('1/1/2021 14:00',180,26,1917),('1/1/2021 10:27',183,26,1343),('1/1/2021 10:29',183,26,1356),('1/1/2021 10:26',185,14,1339),('1/1/2021 1:06',185,26,90),('1/1/2021 1:55',185,26,198),('1/1/2021 6:14',185,26,549),('1/1/2021 7:23',185,26,725),('1/1/2021 9:51',185,26,1209),('1/1/2021 13:47',185,26,1874),('1/1/2021 14:09',185,26,1947),('1/1/2021 14:22',185,26,1981),('1/1/2021 10:28',194,5,1345),('1/1/2021 10:30',194,5,1357),('1/1/2021 7:35',194,26,759),('1/1/2021 10:54',194,26,1446),('1/1/2021 14:24',194,26,1983),('1/1/2021 10:11',194,32,1279),('1/1/2021 10:13',194,32,1290),('1/1/2021 2:29',201,12,267),('1/1/2021 8:10',201,19,853),('1/1/2021 1:35',201,26,157),('1/1/2021 3:11',201,26,332),('1/1/2021 4:21',201,26,426),('1/1/2021 4:54',201,26,451),('1/1/2021 5:01',201,26,465),('1/1/2021 7:06',201,26,679),('1/1/2021 7:07',201,26,682),('1/1/2021 7:07',201,26,684),('1/1/2021 8:41',201,26,982),('1/1/2021 9:01',201,26,1060),('1/1/2021 9:47',201,26,1203),('1/1/2021 9:54',201,26,1225),('1/1/2021 10:12',201,26,1286),('1/1/2021 10:28',201,26,1351),('1/1/2021 11:31',201,26,1557),('1/1/2021 14:21',201,26,1978),('1/1/2021 0:49',219,26,63),('1/1/2021 1:42',219,26,170),('1/1/2021 6:59',219,26,664),('1/1/2021 9:11',219,26,1095),('1/1/2021 10:01',219,26,1247),('1/1/2021 11:03',219,26,1473),('1/1/2021 1:23',225,11,137),('1/1/2021 10:12',225,22,1283),('1/1/2021 10:12',225,22,1284),('1/1/2021 1:17',225,25,122),('1/1/2021 0:03',225,26,9),('1/1/2021 3:51',225,26,392),('1/1/2021 6:49',225,26,638),('1/1/2021 7:04',225,26,678),('1/1/2021 7:13',225,26,698),('1/1/2021 7:35',225,26,762),('1/1/2021 9:52',225,26,1220),('1/1/2021 12:19',225,26,1644),('1/1/2021 13:13',225,26,1784),('1/1/2021 13:31',225,26,1836),('1/1/2021 14:08',225,26,1943),('1/1/2021 0:07',240,26,11),('1/1/2021 2:19',240,26,247),('1/1/2021 3:17',240,26,342),('1/1/2021 6:13',240,26,547),('1/1/2021 6:15',240,26,553),('1/1/2021 6:37',240,26,608),('1/1/2021 6:38',240,26,610),('1/1/2021 6:44',240,26,623),('1/1/2021 6:59',240,26,666),('1/1/2021 7:25',240,26,736),('1/1/2021 8:29',240,26,930),('1/1/2021 8:32',240,26,944),('1/1/2021 9:11',240,26,1097),('1/1/2021 9:29',240,26,1159),('1/1/2021 10:06',240,26,1256),('1/1/2021 10:13',240,26,1293),('1/1/2021 12:25',240,26,1658),('1/1/2021 1:15',240,27,113),('1/1/2021 2:40',240,27,288),('1/1/2021 2:31',240,32,271),('1/1/2021 8:11',260,7,856),('1/1/2021 9:55',260,7,1228),('1/1/2021 9:45',260,19,1200),('1/1/2021 0:46',260,26,59),('1/1/2021 2:19',260,26,248),('1/1/2021 6:25',260,26,584),('1/1/2021 8:00',260,26,820),('1/1/2021 8:20',260,26,880),('1/1/2021 13:07',260,26,1771),('1/1/2021 14:11',260,26,1957),('1/1/2021 14:14',260,26,1965),('1/1/2021 5:46',271,26,503),('1/1/2021 8:43',271,26,990),('1/1/2021 10:06',271,26,1255),('1/1/2021 1:36',271,32,158),('1/1/2021 8:47',275,5,1007),('1/1/2021 8:14',275,7,863),('1/1/2021 9:09',275,7,1085),('1/1/2021 9:44',275,7,1197),('1/1/2021 11:31',275,7,1553),('1/1/2021 11:46',275,7,1586),('1/1/2021 13:12',275,7,1782),('1/1/2021 10:20',275,9,1321),('1/1/2021 13:06',275,9,1767),('1/1/2021 3:19',275,16,349),('1/1/2021 8:07',275,21,844),('1/1/2021 0:01',275,26,4),('1/1/2021 1:38',275,26,164),('1/1/2021 2:25',275,26,256),('1/1/2021 4:06',275,26,409),('1/1/2021 7:37',275,26,770),('1/1/2021 9:23',275,26,1136),('1/1/2021 11:00',275,26,1462),('1/1/2021 12:50',275,26,1717),('1/1/2021 13:10',275,26,1776),('1/1/2021 13:29',275,26,1829),('1/1/2021 13:32',275,26,1841),('1/1/2021 14:11',275,26,1954),('1/1/2021 8:25',275,32,910),('1/1/2021 8:52',299,8,1023),('1/1/2021 14:10',299,16,1949),('1/1/2021 0:53',299,26,69),('1/1/2021 3:14',299,26,335),('1/1/2021 5:00',299,26,463),('1/1/2021 6:01',299,26,515),('1/1/2021 9:41',299,26,1182),('1/1/2021 10:38',299,26,1386),('1/1/2021 10:43',299,26,1410),('1/1/2021 11:03',299,26,1472),('1/1/2021 11:16',299,26,1518),('1/1/2021 11:51',299,26,1597),('1/1/2021 13:10',299,26,1778),('1/1/2021 13:11',299,26,1779),('1/1/2021 7:25',313,7,732),('1/1/2021 12:45',313,25,1710),('1/1/2021 5:21',313,26,486),('1/1/2021 2:04',316,1,216),('1/1/2021 6:16',316,26,556),('1/1/2021 9:00',316,26,1056),('1/1/2021 9:02',316,26,1064),('1/1/2021 13:16',316,26,1793),('1/1/2021 2:45',321,23,295),('1/1/2021 1:18',321,26,124),('1/1/2021 1:52',321,26,193),('1/1/2021 2:26',321,26,260),('1/1/2021 3:32',321,26,367),('1/1/2021 4:15',321,26,418),('1/1/2021 5:05',321,26,470),('1/1/2021 5:40',321,26,497),('1/1/2021 6:36',321,26,606),('1/1/2021 9:31',321,26,1165),('1/1/2021 11:23',321,26,1541),('1/1/2021 12:26',321,26,1661),('1/1/2021 1:47',321,32,181),('1/1/2021 8:39',334,7,971),('1/1/2021 8:32',334,9,947),('1/1/2021 8:35',334,10,953),('1/1/2021 1:12',334,16,103),('1/1/2021 8:56',334,21,1035),('1/1/2021 2:26',334,26,259),('1/1/2021 4:17',334,26,422),('1/1/2021 5:40',334,26,496),('1/1/2021 6:56',334,26,654),('1/1/2021 7:34',334,26,758),('1/1/2021 8:22',334,26,893),('1/1/2021 8:32',334,26,946),('1/1/2021 8:36',334,26,962),('1/1/2021 9:27',334,26,1148),('1/1/2021 10:41',334,26,1404),('1/1/2021 13:26',334,26,1820),('1/1/2021 13:30',334,26,1833),('1/1/2021 13:32',334,26,1842),('1/1/2021 13:57',334,26,1907),('1/1/2021 14:11',334,26,1956),('1/1/2021 8:41',334,27,984),('1/1/2021 6:07',355,26,531),('1/1/2021 6:09',355,26,537),('1/1/2021 10:41',357,26,1406),('1/1/2021 10:31',358,1,1364),('1/1/2021 2:43',358,7,291),('1/1/2021 12:15',358,10,1634),('1/1/2021 8:28',358,12,925),('1/1/2021 12:41',358,14,1699),('1/1/2021 12:17',358,19,1641),('1/1/2021 10:25',358,25,1337),('1/1/2021 1:40',358,26,167),('1/1/2021 5:59',358,26,511),('1/1/2021 6:08',358,26,533),('1/1/2021 9:28',358,26,1152),('1/1/2021 12:25',358,26,1657),('1/1/2021 12:26',358,26,1659),('1/1/2021 12:31',358,26,1674),('1/1/2021 12:51',358,26,1718),('1/1/2021 14:05',358,26,1929),('1/1/2021 1:32',374,26,152),('1/1/2021 7:16',374,26,706),('1/1/2021 13:46',374,26,1873),('1/1/2021 9:21',377,7,1128),('1/1/2021 9:21',377,7,1129),('1/1/2021 11:46',377,7,1587),('1/1/2021 8:42',377,17,987),('1/1/2021 9:25',377,25,1143),('1/1/2021 1:15',377,26,112),('1/1/2021 1:22',377,26,135),('1/1/2021 1:35',377,26,156),('1/1/2021 1:52',377,26,192),('1/1/2021 3:51',377,26,390),('1/1/2021 4:27',377,26,431),('1/1/2021 4:59',377,26,460),('1/1/2021 6:05',377,26,528),('1/1/2021 7:19',377,26,713),('1/1/2021 7:32',377,26,754),('1/1/2021 12:24',377,26,1654),('1/1/2021 12:40',377,26,1697),('1/1/2021 14:06',377,26,1937),('1/1/2021 14:08',377,26,1939),('1/1/2021 1:16',377,27,117),('1/1/2021 3:25',397,7,358),('1/1/2021 8:55',397,12,1034),('1/1/2021 9:09',397,13,1086),('1/1/2021 9:05',397,16,1070),('1/1/2021 1:13',397,25,105),('1/1/2021 0:17',397,26,25),('1/1/2021 1:58',397,26,205),('1/1/2021 3:35',397,26,371),('1/1/2021 4:01',397,26,402),('1/1/2021 4:42',397,26,444),('1/1/2021 5:12',397,26,478),('1/1/2021 6:23',397,26,578),('1/1/2021 7:09',397,26,687),('1/1/2021 7:37',397,26,768),('1/1/2021 8:05',397,26,836),('1/1/2021 9:54',397,26,1226),('1/1/2021 10:35',397,26,1375),('1/1/2021 13:35',397,26,1855),('1/1/2021 4:10',415,26,413),('1/1/2021 6:17',415,26,558),('1/1/2021 8:43',415,26,993),('1/1/2021 9:56',415,26,1231),('1/1/2021 12:41',415,26,1700),('1/1/2021 9:06',420,26,1077),('1/1/2021 9:39',420,26,1180),('1/1/2021 13:01',420,26,1754),('1/1/2021 14:05',420,26,1933),('1/1/2021 11:07',424,16,1487),('1/1/2021 13:37',424,25,1860),('1/1/2021 8:43',424,26,991),('1/1/2021 11:02',424,26,1466),('1/1/2021 10:51',424,33,1436),('1/1/2021 10:31',429,32,1365),('1/1/2021 10:32',429,32,1368),('1/1/2021 1:46',431,7,180),('1/1/2021 0:25',431,26,35),('1/1/2021 8:19',431,26,876),('1/1/2021 9:53',431,26,1221),('1/1/2021 10:44',431,26,1413),('1/1/2021 12:49',431,26,1715),('1/1/2021 7:41',431,27,782),('1/1/2021 12:04',438,10,1617),('1/1/2021 8:30',438,14,931),('1/1/2021 1:00',438,26,77),('1/1/2021 2:20',438,26,249),('1/1/2021 3:16',438,26,341),('1/1/2021 3:29',438,26,364),('1/1/2021 5:51',438,26,506),('1/1/2021 6:15',438,26,554),('1/1/2021 6:32',438,26,595),('1/1/2021 6:43',438,26,619),('1/1/2021 7:26',438,26,737),('1/1/2021 8:21',438,26,884),('1/1/2021 9:24',438,26,1139),('1/1/2021 10:38',438,26,1390),('1/1/2021 10:49',438,26,1430),('1/1/2021 11:05',438,26,1479),('1/1/2021 12:37',438,26,1689),('1/1/2021 13:22',438,26,1807),('1/1/2021 13:58',438,26,1910),('1/1/2021 14:22',438,26,1980),('1/1/2021 7:39',438,27,778),('1/1/2021 2:52',459,26,310),('1/1/2021 6:16',459,26,555),('1/1/2021 6:33',459,26,597),('1/1/2021 7:15',459,26,705),('1/1/2021 10:29',459,26,1355),('1/1/2021 11:47',459,26,1589),('1/1/2021 13:55',459,26,1903),('1/1/2021 5:08',466,9,474),('1/1/2021 1:46',466,26,177),('1/1/2021 3:39',466,26,379),('1/1/2021 5:10',466,26,477),('1/1/2021 5:39',466,26,495),('1/1/2021 7:37',466,26,771),('1/1/2021 11:03',466,26,1471),('1/1/2021 11:58',466,26,1609),('1/1/2021 12:33',466,26,1680),('1/1/2021 1:29',475,25,148),('1/1/2021 0:21',475,26,26),('1/1/2021 0:46',475,26,60),('1/1/2021 0:52',475,26,67),('1/1/2021 2:03',475,26,212),('1/1/2021 3:55',475,26,395),('1/1/2021 5:13',475,26,479),('1/1/2021 6:05',475,26,523),('1/1/2021 6:57',475,26,659),('1/1/2021 7:15',475,26,703),('1/1/2021 7:15',475,26,704),('1/1/2021 7:43',475,26,786),('1/1/2021 7:51',475,26,800),('1/1/2021 9:06',475,26,1075),('1/1/2021 10:06',475,26,1258),('1/1/2021 10:52',475,26,1438),('1/1/2021 12:32',475,26,1676),('1/1/2021 14:12',475,26,1958),('1/1/2021 1:15',475,33,110),('1/1/2021 1:15',475,33,111),('1/1/2021 8:16',495,6,865),('1/1/2021 8:28',495,10,924),('1/1/2021 12:15',495,16,1635),('1/1/2021 0:02',495,26,6),('1/1/2021 0:09',495,26,15),('1/1/2021 1:00',495,26,75),('1/1/2021 1:39',495,26,166),('1/1/2021 2:21',495,26,251),('1/1/2021 3:21',495,26,351),('1/1/2021 4:40',495,26,442),('1/1/2021 5:25',495,26,489),('1/1/2021 6:11',495,26,545),('1/1/2021 7:02',495,26,673),('1/1/2021 8:00',495,26,821),('1/1/2021 8:15',495,26,864),('1/1/2021 11:14',495,26,1508),('1/1/2021 12:51',495,26,1720),('1/1/2021 12:53',495,26,1731),('1/1/2021 10:37',513,7,1380),('1/1/2021 1:09',513,26,98),('1/1/2021 3:16',513,26,340),('1/1/2021 6:57',513,26,660),('1/1/2021 10:42',513,26,1408),('1/1/2021 11:49',513,26,1593),('1/1/2021 2:38',519,5,287),('1/1/2021 12:20',519,7,1646),('1/1/2021 1:02',519,10,80),('1/1/2021 3:38',519,26,377),('1/1/2021 6:23',519,26,577),('1/1/2021 7:01',519,26,671),('1/1/2021 7:37',519,26,772),('1/1/2021 9:25',519,26,1145),('1/1/2021 10:04',519,26,1253),('1/1/2021 10:10',519,26,1275),('1/1/2021 10:47',519,26,1424),('1/1/2021 7:52',530,26,804),('1/1/2021 11:47',530,26,1590),('1/1/2021 12:20',532,12,1647),('1/1/2021 2:27',532,26,263),('1/1/2021 5:53',532,26,507),('1/1/2021 6:09',532,26,538),('1/1/2021 6:41',532,26,614),('1/1/2021 8:38',532,26,969),('1/1/2021 4:46',538,26,446),('1/1/2021 11:45',538,26,1585),('1/1/2021 13:48',538,26,1882),('1/1/2021 13:57',538,26,1908),('1/1/2021 14:07',538,26,1938),('1/1/2021 13:20',543,26,1801),('1/1/2021 9:41',544,26,1184),('1/1/2021 0:25',545,26,32),('1/1/2021 10:30',546,26,1360),('1/1/2021 13:39',547,26,1862),('1/1/2021 0:27',548,26,38),('1/1/2021 6:56',548,26,655),('1/1/2021 9:58',548,26,1239),('1/1/2021 14:16',548,26,1968),('1/1/2021 8:49',548,32,1011),('1/1/2021 9:27',553,26,1150),('1/1/2021 0:25',554,26,33),('1/1/2021 2:57',554,26,317),('1/1/2021 4:02',554,26,403),('1/1/2021 5:05',554,26,468),('1/1/2021 11:04',554,26,1474),('1/1/2021 12:21',559,26,1651),('1/1/2021 10:17',560,26,1308),('1/1/2021 9:23',561,8,1135),('1/1/2021 4:55',561,26,457),('1/1/2021 13:52',561,26,1893),('1/1/2021 12:16',564,26,1640),('1/1/2021 2:57',565,26,320),('1/1/2021 13:03',566,26,1758),('1/1/2021 6:44',567,26,622),('1/1/2021 10:18',568,26,1316),('1/1/2021 8:36',569,26,963),('1/1/2021 10:13',570,26,1291),('1/1/2021 0:25',571,26,34),('1/1/2021 7:59',571,26,816),('1/1/2021 12:32',573,32,1678),('1/1/2021 8:31',574,21,937),('1/1/2021 1:44',575,26,175),('1/1/2021 13:04',576,26,1763),('1/1/2021 11:07',577,26,1488),('1/1/2021 2:03',578,26,214),('1/1/2021 11:31',579,26,1558),('1/1/2021 9:17',580,26,1119),('1/1/2021 12:10',581,26,1627),('1/1/2021 12:41',582,26,1702),('1/1/2021 12:45',583,26,1706),('1/1/2021 6:44',584,26,624),('1/1/2021 14:28',584,26,1991),('1/1/2021 8:23',586,26,898),('1/1/2021 12:15',587,12,1633),('1/1/2021 10:11',588,26,1281),('1/1/2021 6:41',589,26,617),('1/1/2021 9:10',590,26,1087),('1/1/2021 9:24',591,26,1142),('1/1/2021 9:58',592,26,1237),('1/1/2021 0:13',593,26,19),('1/1/2021 1:09',594,26,97),('1/1/2021 10:48',595,26,1428),('1/1/2021 11:09',596,26,1495),('1/1/2021 12:27',597,13,1664),('1/1/2021 2:29',598,26,268),('1/1/2021 11:22',598,26,1538),('1/1/2021 11:13',600,26,1503),('1/1/2021 13:41',601,26,1867),('1/1/2021 4:11',602,26,415),('1/1/2021 10:27',603,26,1342),('1/1/2021 11:13',604,26,1505),('1/1/2021 13:49',604,26,1884),('1/1/2021 12:31',606,26,1671),('1/1/2021 9:35',607,26,1170),('1/1/2021 13:40',607,26,1863),('1/1/2021 4:21',609,26,424),('1/1/2021 9:43',609,26,1190),('1/1/2021 7:34',611,26,757),('1/1/2021 11:06',612,26,1483),('1/1/2021 8:57',613,26,1041),('1/1/2021 6:18',614,26,564),('1/1/2021 8:22',614,26,892),('1/1/2021 10:52',614,26,1440),('1/1/2021 4:25',617,26,428),('1/1/2021 4:41',618,26,443),('1/1/2021 13:19',619,26,1798),('1/1/2021 12:23',620,26,1653),('1/1/2021 2:14',621,26,235),('1/1/2021 4:39',622,26,441),('1/1/2021 9:16',623,26,1113),('1/1/2021 0:14',624,26,20),('1/1/2021 6:45',625,26,627),('1/1/2021 13:53',626,26,1900),('1/1/2021 13:58',626,26,1911),('1/1/2021 10:30',628,13,1361),('1/1/2021 2:19',629,10,246),('1/1/2021 13:04',630,26,1764),('1/1/2021 8:52',631,26,1021),('1/1/2021 11:16',632,7,1516),('1/1/2021 14:02',633,26,1922),('1/1/2021 2:42',634,26,290),('1/1/2021 14:00',635,26,1915),('1/1/2021 3:32',636,26,366),('1/1/2021 12:07',637,26,1622),('1/1/2021 0:10',638,26,17),('1/1/2021 11:11',639,32,1498),('1/1/2021 3:28',640,26,362),('1/1/2021 1:44',641,26,174),('1/1/2021 9:43',642,26,1191),('1/1/2021 0:41',643,26,50),('1/1/2021 2:05',644,26,219),('1/1/2021 3:10',645,26,331),('1/1/2021 6:14',646,26,548),('1/1/2021 6:41',646,26,615),('1/1/2021 10:38',648,26,1391),('1/1/2021 13:25',649,26,1814),('1/1/2021 8:56',650,26,1037),('1/1/2021 11:30',651,26,1551),('1/1/2021 7:23',652,26,727),('1/1/2021 8:58',653,26,1046),('1/1/2021 7:08',654,26,686),('1/1/2021 13:25',655,26,1815),('1/1/2021 10:40',656,26,1399),('1/1/2021 6:01',657,26,513),('1/1/2021 7:26',658,26,738),('1/1/2021 0:41',659,26,51),('1/1/2021 13:49',660,26,1887),('1/1/2021 10:33',661,26,1370),('1/1/2021 1:30',662,13,149),('1/1/2021 0:21',663,26,27),('1/1/2021 13:33',664,26,1846),('1/1/2021 2:45',665,26,296),('1/1/2021 13:50',666,26,1889),('1/1/2021 9:17',667,26,1118),('1/1/2021 1:03',668,16,81),('1/1/2021 4:55',669,26,455),('1/1/2021 2:34',670,26,276),('1/1/2021 14:24',671,26,1984),('1/1/2021 11:40',672,26,1574),('1/1/2021 0:35',673,26,42),('1/1/2021 13:38',674,26,1861),('1/1/2021 12:06',675,26,1619),('1/1/2021 12:30',676,26,1670),('1/1/2021 10:14',677,26,1301),('1/1/2021 10:26',678,26,1341),('1/1/2021 7:43',679,10,788),('1/1/2021 10:52',680,26,1437),('1/1/2021 0:43',681,26,55),('1/1/2021 14:04',682,26,1928),('1/1/2021 4:32',683,26,435),('1/1/2021 14:25',684,26,1987),('1/1/2021 1:24',685,26,138),('1/1/2021 2:16',686,26,239),('1/1/2021 6:39',687,26,611),('1/1/2021 14:10',688,26,1953),('1/1/2021 8:43',689,26,992),('1/1/2021 7:26',690,26,739),('1/1/2021 11:31',691,26,1556),('1/1/2021 9:53',692,26,1223),('1/1/2021 13:26',693,26,1817),('1/1/2021 11:09',694,26,1493),('1/1/2021 11:39',695,26,1572),('1/1/2021 10:23',696,26,1332),('1/1/2021 8:08',697,26,849),('1/1/2021 13:01',698,26,1755),('1/1/2021 5:06',699,26,471),('1/1/2021 6:29',700,26,589),('1/1/2021 8:19',701,26,875),('1/1/2021 8:22',701,26,889),('1/1/2021 9:28',703,26,1154),('1/1/2021 12:11',704,12,1629),('1/1/2021 9:51',705,26,1211),('1/1/2021 10:10',705,26,1273),('1/1/2021 10:51',707,26,1435),('1/1/2021 10:48',708,26,1426),('1/1/2021 11:15',709,26,1515),('1/1/2021 12:01',710,26,1612),('1/1/2021 4:52',711,26,450),('1/1/2021 8:01',712,26,823),('1/1/2021 7:27',713,26,742),('1/1/2021 9:14',714,26,1106),('1/1/2021 11:24',715,26,1542),('1/1/2021 10:37',716,26,1384),('1/1/2021 4:09',717,26,412),('1/1/2021 11:56',718,26,1606),('1/1/2021 6:35',719,26,602),('1/1/2021 13:07',720,26,1772),('1/1/2021 2:44',721,26,294),('1/1/2021 11:23',722,26,1540),('1/1/2021 11:40',723,26,1576),('1/1/2021 9:22',724,26,1133),('1/1/2021 12:05',725,26,1618),('1/1/2021 7:59',726,26,817),('1/1/2021 10:16',727,26,1307),('1/1/2021 9:08',728,26,1079),('1/1/2021 5:57',729,26,509),('1/1/2021 6:19',730,26,569),('1/1/2021 13:30',731,23,1831),('1/1/2021 9:15',731,26,1111),('1/1/2021 4:55',733,26,454),('1/1/2021 11:16',734,26,1519),('1/1/2021 11:50',735,23,1594),('1/1/2021 11:51',735,23,1596),('1/1/2021 9:04',737,26,1068),('1/1/2021 6:45',738,26,628),('1/1/2021 13:58',739,26,1912),('1/1/2021 6:34',740,26,598),('1/1/2021 2:48',741,26,300),('1/1/2021 11:15',742,26,1514),('1/1/2021 7:53',743,32,806),('1/1/2021 11:06',744,26,1485),('1/1/2021 14:05',745,26,1935),('1/1/2021 11:28',746,26,1550),('1/1/2021 11:33',747,26,1563),('1/1/2021 3:22',748,26,353),('1/1/2021 9:52',749,26,1218),('1/1/2021 6:05',750,26,525),('1/1/2021 8:20',751,26,878),('1/1/2021 7:28',752,26,747),('1/1/2021 13:05',753,26,1765),('1/1/2021 2:35',754,26,279),('1/1/2021 4:59',755,26,462),('1/1/2021 4:15',756,26,419),('1/1/2021 2:11',757,33,231),('1/1/2021 6:45',758,26,629),('1/1/2021 0:08',759,26,13),('1/1/2021 14:20',760,26,1977),('1/1/2021 1:20',761,10,131),('1/1/2021 6:51',762,26,643),('1/1/2021 10:41',763,10,1402),('1/1/2021 10:53',764,21,1441),('1/1/2021 2:55',765,26,314),('1/1/2021 7:08',766,26,685),('1/1/2021 9:59',766,26,1243),('1/1/2021 7:25',768,26,734),('1/1/2021 10:58',769,26,1456),('1/1/2021 1:42',770,6,171),('1/1/2021 10:55',771,26,1448),('1/1/2021 8:17',772,26,868),('1/1/2021 1:35',773,17,155),('1/1/2021 10:40',774,6,1401),('1/1/2021 3:27',775,26,359),('1/1/2021 1:12',776,26,104),('1/1/2021 13:21',777,26,1804),('1/1/2021 8:36',778,7,959),('1/1/2021 2:49',779,33,303),('1/1/2021 8:46',780,26,1002),('1/1/2021 10:46',781,20,1420),('1/1/2021 1:31',782,26,151),('1/1/2021 11:47',783,26,1591),('1/1/2021 12:18',784,26,1642),('1/1/2021 2:45',785,26,297),('1/1/2021 1:55',786,26,197),('1/1/2021 11:04',787,13,1476),('1/1/2021 14:11',788,26,1955),('1/1/2021 6:52',789,26,645),('1/1/2021 7:18',789,26,711),('1/1/2021 9:33',791,26,1168),('1/1/2021 2:18',792,7,245),('1/1/2021 8:50',793,5,1015),('1/1/2021 6:05',794,26,526),('1/1/2021 8:55',795,26,1032),('1/1/2021 12:28',796,26,1668),('1/1/2021 0:34',797,26,40),('1/1/2021 2:05',798,26,221),('1/1/2021 8:44',799,26,994),('1/1/2021 8:05',800,26,838),('1/1/2021 7:52',801,26,805),('1/1/2021 9:11',802,32,1091),('1/1/2021 0:06',803,26,10),('1/1/2021 7:18',804,26,710),('1/1/2021 8:31',805,7,940),('1/1/2021 3:18',806,26,345),('1/1/2021 11:59',807,26,1610),('1/1/2021 7:44',808,26,790),('1/1/2021 14:21',809,14,1979),('1/1/2021 10:28',810,26,1349),('1/1/2021 8:37',811,6,966),('1/1/2021 6:54',812,26,651),('1/1/2021 2:23',813,26,253),('1/1/2021 7:07',814,26,683),('1/1/2021 3:34',815,26,369),('1/1/2021 9:58',816,26,1240),('1/1/2021 1:56',817,8,201),('1/1/2021 1:28',818,25,143),('1/1/2021 1:56',819,10,203),('1/1/2021 9:39',820,26,1179),('1/1/2021 13:50',821,26,1888),('1/1/2021 1:28',822,26,144),('1/1/2021 0:55',823,26,71),('1/1/2021 1:18',824,25,123),('1/1/2021 3:46',825,26,383),('1/1/2021 13:40',826,26,1865),('1/1/2021 1:48',827,26,184),('1/1/2021 11:30',828,26,1552),('1/1/2021 8:46',829,26,1004),('1/1/2021 12:37',830,26,1687),('1/1/2021 8:47',831,11,1008),('1/1/2021 11:41',832,26,1578),('1/1/2021 0:14',833,26,21),('1/1/2021 6:05',834,26,527),('1/1/2021 5:08',835,26,475),('1/1/2021 9:07',836,26,1078),('1/1/2021 10:53',837,9,1445),('1/1/2021 3:55',838,26,394),('1/1/2021 8:55',839,26,1033),('1/1/2021 6:56',840,26,658),('1/1/2021 8:04',841,4,832),('1/1/2021 11:18',842,26,1523),('1/1/2021 11:18',843,26,1526),('1/1/2021 11:25',844,26,1544),('1/1/2021 12:54',845,26,1737),('1/1/2021 11:20',846,26,1532),('1/1/2021 6:21',847,13,574),('1/1/2021 2:51',848,32,309),('1/1/2021 8:28',849,26,928),('1/1/2021 7:31',850,26,749),('1/1/2021 3:58',851,26,398),('1/1/2021 2:09',852,5,225),('1/1/2021 11:08',853,26,1491),('1/1/2021 6:16',854,26,557),('1/1/2021 9:50',855,26,1208),('1/1/2021 8:41',856,1,983),('1/1/2021 11:19',857,26,1528),('1/1/2021 13:29',858,26,1826),('1/1/2021 10:28',859,26,1354),('1/1/2021 7:23',860,26,723),('1/1/2021 9:44',861,25,1196),('1/1/2021 2:37',862,25,283),('1/1/2021 2:37',862,25,284),('1/1/2021 2:54',864,17,313),('1/1/2021 8:54',865,26,1029),('1/1/2021 2:41',866,26,289),('1/1/2021 9:30',867,16,1162),('1/1/2021 9:30',867,16,1163),('1/1/2021 13:14',869,26,1787),('1/1/2021 10:36',870,26,1378),('1/1/2021 7:09',871,26,689),('1/1/2021 6:02',872,26,516),('1/1/2021 11:36',873,26,1568),('1/1/2021 10:50',874,26,1433),('1/1/2021 8:52',875,7,1020),('1/1/2021 9:44',876,26,1195),('1/1/2021 9:09',877,10,1081),('1/1/2021 9:09',877,10,1082),('1/1/2021 8:21',879,7,881),('1/1/2021 11:25',880,26,1545),('1/1/2021 3:48',881,13,386),('1/1/2021 8:26',882,32,911),('1/1/2021 8:30',882,32,934),('1/1/2021 12:53',884,26,1728),('1/1/2021 7:37',885,26,773),('1/1/2021 14:08',886,26,1941),('1/1/2021 0:27',887,7,37),('1/1/2021 9:45',888,26,1198),('1/1/2021 1:38',889,26,165),('1/1/2021 14:09',890,26,1945),('1/1/2021 10:42',891,26,1409),('1/1/2021 12:50',892,24,1716),('1/1/2021 13:33',893,33,1849),('1/1/2021 1:07',894,8,95),('1/1/2021 0:47',895,25,61),('1/1/2021 12:59',896,26,1744),('1/1/2021 8:27',897,17,920),('1/1/2021 1:33',898,4,154),('1/1/2021 14:04',899,26,1926),('1/1/2021 9:11',900,7,1090),('1/1/2021 6:04',901,26,518),('1/1/2021 5:17',902,26,483),('1/1/2021 2:50',903,2,304),('1/1/2021 0:02',904,26,7),('1/1/2021 7:57',905,26,813),('1/1/2021 8:25',906,12,907),('1/1/2021 3:15',907,26,338),('1/1/2021 14:15',908,26,1966),('1/1/2021 9:15',909,7,1109),('1/1/2021 9:15',909,7,1112),('1/1/2021 13:32',911,26,1839),('1/1/2021 8:38',912,26,968),('1/1/2021 11:26',913,7,1546),('1/1/2021 2:55',914,26,315),('1/1/2021 13:22',915,26,1808),('1/1/2021 0:32',916,26,39),('1/1/2021 5:04',917,26,467),('1/1/2021 6:04',918,26,520),('1/1/2021 8:16',919,26,866),('1/1/2021 7:06',920,26,681),('1/1/2021 10:09',921,26,1268),('1/1/2021 7:56',922,26,811),('1/1/2021 2:51',923,26,308),('1/1/2021 11:15',924,26,1513),('1/1/2021 13:23',925,26,1811),('1/1/2021 10:38',926,26,1392),('1/1/2021 10:09',927,4,1266),('1/1/2021 3:55',928,26,396),('1/1/2021 13:20',929,26,1802),('1/1/2021 7:14',930,26,699),('1/1/2021 13:43',931,26,1870),('1/1/2021 8:20',932,26,879),('1/1/2021 10:39',933,26,1397),('1/1/2021 2:10',934,32,227),('1/1/2021 0:09',935,26,14),('1/1/2021 13:49',935,26,1885),('1/1/2021 2:54',937,26,312),('1/1/2021 10:34',938,26,1372),('1/1/2021 7:51',939,26,803),('1/1/2021 6:24',940,26,580),('1/1/2021 9:55',941,26,1230),('1/1/2021 7:45',942,7,791),('1/1/2021 7:45',942,7,792),('1/1/2021 7:21',944,26,721),('1/1/2021 9:14',945,26,1108),('1/1/2021 12:56',946,26,1739),('1/1/2021 8:24',947,26,904),('1/1/2021 13:24',948,26,1812),('1/1/2021 8:49',949,26,1014),('1/1/2021 9:55',950,26,1227),('1/1/2021 10:11',951,27,1278),('1/1/2021 12:42',952,26,1703),('1/1/2021 8:02',953,8,826),('1/1/2021 6:17',954,26,559),('1/1/2021 10:06',955,26,1257),('1/1/2021 1:30',956,18,150),('1/1/2021 3:22',957,26,354),('1/1/2021 8:01',958,26,824),('1/1/2021 13:27',959,26,1822),('1/1/2021 12:47',960,26,1713),('1/1/2021 3:14',961,26,334),('1/1/2021 10:30',962,11,1358),('1/1/2021 5:42',963,26,499),('1/1/2021 6:14',964,26,550),('1/1/2021 11:54',965,26,1604),('1/1/2021 7:41',966,26,781),('1/1/2021 12:22',967,25,1652),('1/1/2021 13:24',968,26,1813),('1/1/2021 8:40',969,26,978),('1/1/2021 13:52',970,26,1896),('1/1/2021 13:22',971,26,1806),('1/1/2021 13:00',972,26,1746),('1/1/2021 8:31',973,26,939),('1/1/2021 10:49',974,26,1429),('1/1/2021 7:36',975,26,764),('1/1/2021 9:52',976,26,1219),('1/1/2021 9:43',977,26,1192),('1/1/2021 8:35',978,26,955),('1/1/2021 10:15',979,16,1302),('1/1/2021 14:27',980,26,1988),('1/1/2021 6:59',981,26,665),('1/1/2021 6:17',982,26,561),('1/1/2021 8:26',983,26,913),('1/1/2021 12:16',984,26,1639),('1/1/2021 12:27',985,26,1662),('1/1/2021 8:33',986,7,951),('1/1/2021 12:03',987,10,1615),('1/1/2021 6:20',988,26,571),('1/1/2021 2:14',989,26,236),('1/1/2021 5:45',990,26,502),('1/1/2021 3:24',991,26,355),('1/1/2021 3:51',992,26,391),('1/1/2021 10:26',993,26,1340),('1/1/2021 10:10',994,26,1276),('1/1/2021 10:57',995,26,1453),('1/1/2021 10:17',996,26,1314),('1/1/2021 12:02',996,26,1614),('1/1/2021 6:59',998,26,667),('1/1/2021 7:55',999,6,807),('1/1/2021 10:16',1000,26,1303),('1/1/2021 0:53',1001,8,68),('1/1/2021 1:09',1002,20,99),('1/1/2021 10:45',1003,7,1414),('1/1/2021 6:49',1004,26,639),('1/1/2021 3:18',1005,26,348),('1/1/2021 6:15',1006,26,551),('1/1/2021 8:38',1007,5,967),('1/1/2021 7:32',1008,26,753),('1/1/2021 10:52',1009,26,1439),('1/1/2021 9:48',1010,26,1204),('1/1/2021 13:29',1011,11,1828),('1/1/2021 13:36',1012,26,1858),('1/1/2021 12:28',1013,26,1667),('1/1/2021 3:34',1014,26,370),('1/1/2021 13:13',1014,26,1785),('1/1/2021 9:57',1016,16,1236),('1/1/2021 12:09',1017,26,1626),('1/1/2021 0:24',1018,26,31),('1/1/2021 9:53',1019,26,1222),('1/1/2021 11:52',1020,26,1601),('1/1/2021 13:48',1021,26,1880),('1/1/2021 8:33',1022,10,948),('1/1/2021 7:33',1023,26,755),('1/1/2021 0:08',1024,18,12),('1/1/2021 8:05',1025,26,839),('1/1/2021 9:20',1026,26,1125),('1/1/2021 11:08',1027,16,1489),('1/1/2021 6:18',1028,26,563),('1/1/2021 12:52',1029,26,1725),('1/1/2021 13:51',1030,26,1891),('1/1/2021 6:01',1031,26,514),('1/1/2021 14:14',1031,26,1963),('1/1/2021 13:04',1033,26,1760),('1/1/2021 10:25',1034,26,1338),('1/1/2021 11:08',1035,26,1490),('1/1/2021 8:27',1036,16,916),('1/1/2021 9:51',1037,26,1210),('1/1/2021 9:11',1038,12,1092),('1/1/2021 9:13',1038,12,1103),('1/1/2021 1:32',1040,1,153),('1/1/2021 8:07',1041,26,845),('1/1/2021 6:58',1042,26,662),('1/1/2021 7:46',1042,26,796),('1/1/2021 9:01',1044,7,1059),('1/1/2021 11:12',1045,26,1500),('1/1/2021 7:50',1046,26,799),('1/1/2021 4:47',1047,26,448),('1/1/2021 10:38',1048,26,1389),('1/1/2021 2:35',1049,9,277),('1/1/2021 10:43',1050,26,1411),('1/1/2021 12:27',1051,26,1663),('1/1/2021 10:17',1052,26,1311),('1/1/2021 10:30',1053,26,1362),('1/1/2021 8:22',1054,26,890),('1/1/2021 10:47',1055,7,1425),('1/1/2021 7:35',1056,26,760),('1/1/2021 9:28',1057,26,1156),('1/1/2021 11:13',1058,26,1506),('1/1/2021 9:58',1059,26,1241),('1/1/2021 10:01',1060,26,1248),('1/1/2021 11:52',1061,26,1602),('1/1/2021 11:20',1062,26,1534),('1/1/2021 9:39',1063,7,1178),('1/1/2021 13:54',1064,26,1902),('1/1/2021 8:54',1065,19,1028),('1/1/2021 4:54',1066,26,452),('1/1/2021 13:52',1067,26,1894),('1/1/2021 7:39',1068,26,780),('1/1/2021 6:55',1069,26,652),('1/1/2021 11:31',1070,26,1555),('1/1/2021 9:56',1071,26,1232),('1/1/2021 2:16',1072,17,241),('1/1/2021 3:20',1073,26,350),('1/1/2021 1:19',1074,26,127),('1/1/2021 2:44',1075,26,292),('1/1/2021 11:16',1076,26,1517),('1/1/2021 9:54',1077,26,1224),('1/1/2021 10:37',1078,10,1382),('1/1/2021 7:13',1079,26,697),('1/1/2021 13:35',1080,26,1854),('1/1/2021 14:14',1081,26,1964),('1/1/2021 14:09',1082,10,1946),('1/1/2021 7:57',1083,26,814),('1/1/2021 0:02',1084,26,8),('1/1/2021 11:27',1085,26,1548),('1/1/2021 8:23',1086,7,897),('1/1/2021 6:27',1087,26,586),('1/1/2021 14:05',1088,26,1930),('1/1/2021 13:19',1089,7,1799),('1/1/2021 1:20',1090,10,132),('1/1/2021 1:25',1090,10,139),('1/1/2021 8:02',1092,26,825),('1/1/2021 7:42',1093,26,784),('1/1/2021 5:05',1094,26,469),('1/1/2021 12:00',1095,26,1611),('1/1/2021 9:12',1096,26,1099),('1/1/2021 7:57',1097,26,815),('1/1/2021 12:24',1098,26,1655),('1/1/2021 3:25',1099,26,357),('1/1/2021 4:36',1100,26,438),('1/1/2021 9:49',1101,26,1207),('1/1/2021 10:06',1102,26,1259),('1/1/2021 10:24',1103,26,1335),('1/1/2021 6:29',1104,26,590),('1/1/2021 12:39',1105,26,1694),('1/1/2021 2:26',1106,25,258),('1/1/2021 9:31',1107,4,1166),('1/1/2021 12:58',1108,26,1743),('1/1/2021 13:15',1109,26,1788),('1/1/2021 8:49',1110,26,1012),('1/1/2021 9:17',1110,26,1117),('1/1/2021 2:48',1112,26,301),('1/1/2021 13:54',1113,26,1901),('1/1/2021 9:20',1114,26,1127),('1/1/2021 10:13',1115,26,1298),('1/1/2021 2:00',1116,17,209),('1/1/2021 10:30',1117,25,1359),('1/1/2021 8:43',1118,25,988),('1/1/2021 8:07',1119,26,848),('1/1/2021 13:31',1120,26,1835),('1/1/2021 12:37',1121,16,1691),('1/1/2021 13:40',1122,26,1864),('1/1/2021 9:08',1123,26,1080),('1/1/2021 10:40',1124,26,1398),('1/1/2021 1:46',1125,13,178),('1/1/2021 13:30',1126,26,1830),('1/1/2021 2:03',1127,30,215),('1/1/2021 9:06',1128,26,1076),('1/1/2021 12:18',1129,26,1643),('1/1/2021 1:51',1130,10,189),('1/1/2021 1:55',1130,10,196),('1/1/2021 8:58',1132,26,1044),('1/1/2021 11:33',1133,26,1561),('1/1/2021 3:18',1134,26,346),('1/1/2021 14:19',1135,26,1973),('1/1/2021 11:13',1136,33,1502),('1/1/2021 9:57',1137,16,1235),('1/1/2021 10:28',1138,7,1346),('1/1/2021 11:16',1139,26,1520),('1/1/2021 2:29',1140,26,269),('1/1/2021 14:08',1141,26,1940),('1/1/2021 10:22',1142,26,1328),('1/1/2021 12:31',1143,26,1673),('1/1/2021 10:48',1144,26,1427),('1/1/2021 14:18',1145,26,1971),('1/1/2021 2:12',1146,26,232),('1/1/2021 6:19',1147,26,568),('1/1/2021 8:54',1148,26,1030),('1/1/2021 8:46',1149,26,1003),('1/1/2021 3:18',1150,26,347),('1/1/2021 8:48',1151,26,1010),('1/1/2021 9:58',1152,26,1238),('1/1/2021 10:10',1152,26,1274),('1/1/2021 9:52',1154,26,1216),('1/1/2021 10:22',1155,26,1326),('1/1/2021 13:56',1156,26,1905),('1/1/2021 13:14',1157,26,1786),('1/1/2021 2:05',1158,13,217),('1/1/2021 6:30',1159,26,592),('1/1/2021 10:39',1160,9,1395),('1/1/2021 6:10',1161,26,542),('1/1/2021 10:14',1162,8,1299),('1/1/2021 11:40',1163,26,1575),('1/1/2021 10:58',1164,26,1455),('1/1/2021 10:23',1165,12,1329),('1/1/2021 10:25',1166,25,1336),('1/1/2021 11:47',1167,26,1588),('1/1/2021 7:38',1168,26,777),('1/1/2021 10:16',1169,26,1305),('1/1/2021 12:52',1170,26,1723),('1/1/2021 8:43',1171,25,989),('1/1/2021 7:55',1172,26,809),('1/1/2021 8:04',1172,26,834),('1/1/2021 8:40',1174,7,977),('1/1/2021 8:40',1174,7,980),('1/1/2021 14:01',1174,26,1919),('1/1/2021 8:06',1177,26,843),('1/1/2021 9:11',1178,26,1096),('1/1/2021 9:52',1179,26,1215),('1/1/2021 7:09',1180,7,690),('1/1/2021 7:09',1180,7,691),('1/1/2021 10:32',1180,26,1367),('1/1/2021 3:17',1183,9,344),('1/1/2021 10:16',1184,26,1306),('1/1/2021 11:21',1185,26,1535),('1/1/2021 1:28',1186,13,146),('1/1/2021 9:30',1187,23,1161),('1/1/2021 6:09',1187,26,539),('1/1/2021 2:32',1189,10,272),('1/1/2021 10:10',1190,26,1270),('1/1/2021 8:24',1191,26,903),('1/1/2021 8:36',1192,26,964),('1/1/2021 6:04',1193,26,522),('1/1/2021 3:47',1194,26,384),('1/1/2021 2:50',1195,26,305),('1/1/2021 8:07',1196,26,846),('1/1/2021 7:24',1197,12,731),('1/1/2021 11:14',1198,26,1511),('1/1/2021 1:02',1199,26,79),('1/1/2021 6:38',1200,26,609),('1/1/2021 10:14',1201,26,1300),('1/1/2021 10:45',1202,26,1418),('1/1/2021 7:51',1203,26,801),('1/1/2021 13:16',1204,26,1794),('1/1/2021 8:27',1205,25,918),('1/1/2021 8:27',1205,25,923),('1/1/2021 7:42',1207,26,783),('1/1/2021 6:58',1208,26,663),('1/1/2021 10:37',1208,26,1383),('1/1/2021 9:19',1210,7,1124),('1/1/2021 4:16',1211,26,420),('1/1/2021 6:54',1212,26,649),('1/1/2021 7:27',1213,8,740),('1/1/2021 7:27',1213,8,741),('1/1/2021 7:27',1213,8,744),('1/1/2021 5:53',1216,26,508),('1/1/2021 6:08',1217,26,532),('1/1/2021 9:27',1218,26,1149),('1/1/2021 11:05',1219,26,1481),('1/1/2021 12:40',1220,7,1696),('1/1/2021 12:42',1220,7,1704),('1/1/2021 7:16',1222,26,707),('1/1/2021 7:10',1223,26,692),('1/1/2021 11:09',1224,26,1492),('1/1/2021 7:09',1225,26,688),('1/1/2021 13:28',1226,7,1825),('1/1/2021 7:11',1227,26,695),('1/1/2021 10:33',1228,9,1369),('1/1/2021 9:11',1229,5,1089),('1/1/2021 0:38',1230,9,47),('1/1/2021 8:53',1231,26,1026),('1/1/2021 12:21',1232,26,1648),('1/1/2021 11:20',1233,26,1530),('1/1/2021 9:27',1234,7,1147),('1/1/2021 9:29',1234,7,1160),('1/1/2021 12:35',1236,26,1685),('1/1/2021 1:50',1237,32,187),('1/1/2021 1:50',1237,32,188),('1/1/2021 11:33',1239,10,1565),('1/1/2021 8:34',1240,26,952),('1/1/2021 6:50',1241,26,641),('1/1/2021 13:19',1242,26,1800),('1/1/2021 13:41',1243,9,1866),('1/1/2021 13:36',1244,22,1857),('1/1/2021 8:12',1245,8,857),('1/1/2021 8:24',1246,4,901),('1/1/2021 8:24',1246,4,902),('1/1/2021 8:24',1246,4,906),('1/1/2021 4:00',1249,26,401),('1/1/2021 11:38',1250,26,1571),('1/1/2021 12:29',1251,7,1669),('1/1/2021 11:57',1252,26,1607),('1/1/2021 1:07',1253,7,91),('1/1/2021 5:43',1254,26,500),('1/1/2021 8:03',1255,26,831),('1/1/2021 10:13',1255,26,1297),('1/1/2021 14:29',1257,26,1992),('1/1/2021 6:25',1258,26,583),('1/1/2021 9:14',1259,26,1105),('1/1/2021 2:02',1260,26,210),('1/1/2021 14:09',1261,26,1948),('1/1/2021 6:26',1262,26,585),('1/1/2021 4:33',1263,14,436),('1/1/2021 13:47',1264,31,1879),('1/1/2021 1:50',1265,26,186),('1/1/2021 8:47',1266,6,1005),('1/1/2021 13:29',1267,32,1827),('1/1/2021 6:56',1268,26,656),('1/1/2021 9:01',1269,9,1057),('1/1/2021 8:18',1270,17,874),('1/1/2021 13:37',1270,25,1859),('1/1/2021 1:51',1272,26,191),('1/1/2021 9:12',1273,18,1100),('1/1/2021 8:45',1274,26,999),('1/1/2021 10:21',1275,9,1325),('1/1/2021 2:16',1275,26,243),('1/1/2021 4:06',1277,26,407),('1/1/2021 9:23',1278,26,1137),('1/1/2021 13:32',1279,9,1844),('1/1/2021 8:25',1280,26,908),('1/1/2021 6:46',1281,26,631),('1/1/2021 0:38',1282,5,48),('1/1/2021 0:41',1282,5,52),('1/1/2021 6:49',1284,26,637),('1/1/2021 5:14',1285,26,480),('1/1/2021 6:31',1286,26,594),('1/1/2021 14:19',1287,26,1974),('1/1/2021 5:10',1288,26,476),('1/1/2021 9:28',1289,5,1151),('1/1/2021 6:09',1290,26,540),('1/1/2021 1:55',1291,26,199),('1/1/2021 3:27',1292,26,361),('1/1/2021 5:59',1293,26,510),('1/1/2021 8:27',1294,13,922),('1/1/2021 6:08',1295,26,535),('1/1/2021 6:43',1296,26,620),('1/1/2021 11:51',1297,26,1595),('1/1/2021 1:16',1298,26,116),('1/1/2021 10:40',1299,16,1400),('1/1/2021 11:20',1300,26,1533),('1/1/2021 8:42',1301,26,986),('1/1/2021 14:05',1302,26,1931),('1/1/2021 14:00',1303,26,1916),('1/1/2021 12:45',1304,26,1708),('1/1/2021 13:32',1305,26,1845),('1/1/2021 6:36',1306,26,604),('1/1/2021 8:56',1307,7,1036),('1/1/2021 1:17',1308,11,119),('1/1/2021 13:27',1309,26,1821),('1/1/2021 8:22',1310,13,888),('1/1/2021 8:18',1311,6,871),('1/1/2021 10:41',1312,26,1405),('1/1/2021 6:25',1313,26,582),('1/1/2021 9:03',1314,7,1065),('1/1/2021 8:59',1315,7,1051),('1/1/2021 10:03',1315,13,1252),('1/1/2021 10:12',1317,13,1287),('1/1/2021 8:35',1318,10,957),('1/1/2021 8:32',1319,14,943),('1/1/2021 7:21',1320,26,720),('1/1/2021 8:39',1321,25,974),('1/1/2021 8:57',1322,16,1040),('1/1/2021 9:14',1323,11,1104),('1/1/2021 9:12',1324,10,1098),('1/1/2021 10:10',1325,13,1269),('1/1/2021 7:15',1326,13,702),('1/1/2021 1:22',1327,10,133),('1/1/2021 9:16',1328,17,1114),('1/1/2021 9:41',1328,25,1181),('1/1/2021 2:53',1330,7,311),('1/1/2021 9:09',1330,10,1084),('1/1/2021 10:13',1332,25,1288),('1/1/2021 8:45',1333,24,997),('1/1/2021 8:13',1334,12,860),('1/1/2021 8:20',1334,13,877),('1/1/2021 8:42',1336,8,985),('1/1/2021 9:29',1336,32,1157),('1/1/2021 8:32',1338,10,942),('1/1/2021 8:23',1339,5,894),('1/1/2021 8:28',1340,7,929),('1/1/2021 8:27',1340,13,921),('1/1/2021 9:24',1342,8,1138),('1/1/2021 9:25',1342,16,1146),('1/1/2021 8:06',1344,7,841),('1/1/2021 8:59',1345,3,1052),('1/1/2021 8:58',1345,10,1043),('1/1/2021 8:18',1347,5,870),('1/1/2021 6:34',1348,26,599),('1/1/2021 7:18',1349,5,709),('1/1/2021 11:40',1350,26,1577),('1/1/2021 4:56',1351,26,458),('1/1/2021 11:44',1352,26,1583),('1/1/2021 6:52',1353,26,647),('1/1/2021 7:51',1354,26,802),('1/1/2021 8:23',1355,14,899),('1/1/2021 3:57',1356,26,397),('1/1/2021 3:15',1357,26,336),('1/1/2021 8:23',1358,6,895),('1/1/2021 0:00',1359,26,1),('1/1/2021 0:59',1360,26,72),('1/1/2021 9:06',1361,9,1074),('1/1/2021 10:00',1362,7,1244),('1/1/2021 10:00',1362,7,1246),('1/1/2021 13:57',1364,26,1909),('1/1/2021 10:43',1365,26,1412),('1/1/2021 9:43',1366,26,1193),('1/1/2021 14:00',1367,32,1918),('1/1/2021 11:12',1368,26,1501),('1/1/2021 10:56',1369,26,1450),('1/1/2021 3:21',1370,26,352),('1/1/2021 13:33',1371,26,1848),('1/1/2021 10:07',1372,7,1263),('1/1/2021 0:36',1373,26,45),('1/1/2021 13:19',1374,26,1797),('1/1/2021 10:09',1375,26,1267),('1/1/2021 8:12',1376,26,859),('1/1/2021 6:33',1377,26,596),('1/1/2021 3:00',1378,12,322),('1/1/2021 7:33',1379,13,756),('1/1/2021 8:16',1380,16,867),('1/1/2021 9:19',1380,16,1122),('1/1/2021 7:38',1382,26,776),('1/1/2021 12:03',1383,8,1616),('1/1/2021 2:28',1384,5,266),('1/1/2021 7:11',1385,26,694),('1/1/2021 0:39',1386,26,49),('1/1/2021 9:45',1387,26,1199),('1/1/2021 13:31',1388,9,1834),('1/1/2021 1:05',1389,14,86),('1/1/2021 8:03',1390,7,827),('1/1/2021 2:13',1391,14,233),('1/1/2021 8:26',1392,26,915),('1/1/2021 12:52',1393,26,1724),('1/1/2021 7:19',1394,26,714),('1/1/2021 1:55',1395,26,200),('1/1/2021 8:21',1396,26,885),('1/1/2021 8:38',1396,26,970),('1/1/2021 14:28',1398,26,1990),('1/1/2021 7:31',1399,26,752),('1/1/2021 0:54',1400,26,70),('1/1/2021 6:27',1401,26,588),('1/1/2021 10:11',1402,26,1282),('1/1/2021 10:59',1402,26,1457),('1/1/2021 12:34',1404,26,1681),('1/1/2021 10:35',1405,26,1376),('1/1/2021 10:35',1406,26,1377),('1/1/2021 9:51',1407,26,1212),('1/1/2021 2:37',1408,10,282),('1/1/2021 3:24',1409,13,356),('1/1/2021 12:21',1410,26,1650),('1/1/2021 10:23',1411,26,1330),('1/1/2021 3:38',1412,26,376),('1/1/2021 7:56',1413,26,810),('1/1/2021 8:04',1413,26,833),('1/1/2021 4:09',1415,26,411),('1/1/2021 11:18',1416,26,1524),('1/1/2021 12:16',1417,26,1638),('1/1/2021 6:25',1418,26,581),('1/1/2021 14:24',1419,26,1985),('1/1/2021 11:05',1420,7,1480),('1/1/2021 2:16',1421,26,240),('1/1/2021 2:34',1422,10,274),('1/1/2021 11:42',1423,26,1581),('1/1/2021 13:26',1424,26,1819),('1/1/2021 11:00',1425,32,1460),('1/1/2021 2:38',1426,8,285),('1/1/2021 9:15',1427,26,1110),('1/1/2021 9:59',1428,26,1242),('1/1/2021 9:09',1429,26,1083),('1/1/2021 6:08',1430,26,534),('1/1/2021 13:42',1431,26,1868),('1/1/2021 4:10',1432,10,414),('1/1/2021 1:43',1433,21,172),('1/1/2021 13:34',1434,22,1851),('1/1/2021 10:17',1435,26,1309),('1/1/2021 12:37',1436,26,1690),('1/1/2021 3:10',1437,26,330),('1/1/2021 13:10',1438,26,1777),('1/1/2021 2:35',1439,26,280),('1/1/2021 10:53',1440,26,1442),('1/1/2021 5:30',1441,10,491),('1/1/2021 5:30',1441,10,492),('1/1/2021 10:07',1443,26,1262),('1/1/2021 2:05',1444,26,220),('1/1/2021 11:03',1445,26,1470),('1/1/2021 10:10',1446,26,1277),('1/1/2021 1:44',1447,26,176),('1/1/2021 11:01',1448,26,1464),('1/1/2021 10:27',1449,26,1344),('1/1/2021 7:23',1450,26,726),('1/1/2021 6:30',1451,26,593),('1/1/2021 8:31',1452,26,938),('1/1/2021 4:29',1453,26,434),('1/1/2021 7:56',1454,26,812),('1/1/2021 4:02',1455,26,405),('1/1/2021 10:21',1455,26,1324),('1/1/2021 10:33',1457,26,1371),('1/1/2021 6:05',1458,26,524),('1/1/2021 5:20',1459,26,485),('1/1/2021 13:55',1460,26,1904),('1/1/2021 5:04',1461,26,466),('1/1/2021 13:18',1462,26,1796),('1/1/2021 8:41',1463,7,981),('1/1/2021 8:21',1464,8,882),('1/1/2021 11:06',1465,26,1484),('1/1/2021 8:40',1466,7,976),('1/1/2021 0:10',1467,32,16),('1/1/2021 8:05',1468,26,837),('1/1/2021 6:55',1469,26,653),('1/1/2021 13:04',1470,26,1762),('1/1/2021 9:42',1471,26,1189),('1/1/2021 13:16',1472,26,1792),('1/1/2021 7:37',1473,26,769),('1/1/2021 13:52',1474,26,1899),('1/1/2021 7:47',1475,26,797),('1/1/2021 2:08',1476,26,223),('1/1/2021 9:48',1477,26,1205),('1/1/2021 9:55',1478,26,1229),('1/1/2021 9:05',1479,26,1073),('1/1/2021 7:19',1480,26,716),('1/1/2021 9:52',1481,26,1214),('1/1/2021 7:24',1482,32,729),('1/1/2021 4:05',1483,7,406),('1/1/2021 1:53',1484,26,194),('1/1/2021 6:07',1485,26,530),('1/1/2021 13:34',1486,26,1853),('1/1/2021 6:11',1487,26,544),('1/1/2021 7:28',1488,26,746),('1/1/2021 8:52',1489,12,1019),('1/1/2021 7:27',1490,26,743),('1/1/2021 10:38',1491,26,1394),('1/1/2021 8:23',1492,26,896),('1/1/2021 0:15',1493,13,23),('1/1/2021 9:36',1494,26,1173),('1/1/2021 9:28',1495,26,1153),('1/1/2021 3:13',1496,26,333),('1/1/2021 3:04',1497,26,324),('1/1/2021 2:57',1498,26,319),('1/1/2021 13:11',1499,26,1780),('1/1/2021 10:02',1500,26,1250),('1/1/2021 1:06',1501,1,89),('1/1/2021 2:13',1502,26,234),('1/1/2021 14:18',1503,26,1970),('1/1/2021 9:42',1504,26,1188),('1/1/2021 6:52',1505,26,648),('1/1/2021 7:03',1506,26,676),('1/1/2021 8:03',1506,26,828),('1/1/2021 6:21',1508,26,573),('1/1/2021 14:13',1509,26,1960),('1/1/2021 13:49',1510,26,1886),('1/1/2021 13:04',1511,26,1761),('1/1/2021 0:00',1512,26,2),('1/1/2021 6:42',1513,26,618),('1/1/2021 14:05',1514,26,1934),('1/1/2021 9:22',1515,25,1134),('1/1/2021 6:54',1516,26,650),('1/1/2021 12:10',1517,26,1628),('1/1/2021 13:47',1518,26,1877),('1/1/2021 9:25',1519,26,1144),('1/1/2021 7:25',1520,26,735),('1/1/2021 9:14',1521,26,1107),('1/1/2021 10:38',1522,26,1393),('1/1/2021 12:53',1523,26,1733),('1/1/2021 13:32',1524,26,1838),('1/1/2021 14:08',1525,26,1942),('1/1/2021 14:25',1526,26,1986),('1/1/2021 6:36',1527,26,605),('1/1/2021 2:34',1528,26,275),('1/1/2021 7:03',1529,26,677),('1/1/2021 13:12',1530,26,1781),('1/1/2021 11:04',1531,26,1478),('1/1/2021 8:26',1532,26,912),('1/1/2021 6:56',1533,26,657),('1/1/2021 10:13',1534,26,1292),('1/1/2021 9:52',1535,26,1217),('1/1/2021 6:46',1536,26,630),('1/1/2021 10:07',1537,16,1260),('1/1/2021 8:59',1538,7,1048),('1/1/2021 6:41',1539,26,616),('1/1/2021 14:18',1540,26,1972),('1/1/2021 3:01',1541,26,323),('1/1/2021 6:50',1542,26,642),('1/1/2021 13:22',1543,26,1809),('1/1/2021 10:45',1544,26,1415),('1/1/2021 7:36',1545,26,766),('1/1/2021 14:28',1546,26,1989),('1/1/2021 6:46',1547,26,632),('1/1/2021 11:52',1548,16,1599),('1/1/2021 3:37',1549,9,374),('1/1/2021 11:18',1550,26,1527),('1/1/2021 12:31',1551,26,1672),('1/1/2021 1:05',1552,8,87),('1/1/2021 2:38',1553,33,286),('1/1/2021 10:57',1554,26,1454),('1/1/2021 11:58',1554,26,1608),('1/1/2021 7:01',1556,26,672),('1/1/2021 1:17',1557,26,120),('1/1/2021 10:56',1558,26,1449),('1/1/2021 2:31',1559,26,270),('1/1/2021 0:01',1560,26,5),('1/1/2021 8:40',1561,23,979),('1/1/2021 2:16',1562,33,242),('1/1/2021 8:14',1563,26,862),('1/1/2021 8:26',1564,26,914),('1/1/2021 9:00',1565,26,1055),('1/1/2021 7:28',1566,26,745),('1/1/2021 8:47',1567,26,1006),('1/1/2021 9:11',1568,26,1093),('1/1/2021 10:35',1569,32,1374),('1/1/2021 12:54',1570,26,1735),('1/1/2021 3:31',1571,26,365),('1/1/2021 8:30',1572,26,933),('1/1/2021 0:50',1573,26,64),('1/1/2021 7:31',1574,26,750),('1/1/2021 6:12',1575,26,546),('1/1/2021 9:04',1576,26,1069),('1/1/2021 9:17',1577,5,1115),('1/1/2021 11:13',1578,32,1504),('1/1/2021 7:02',1579,26,674),('1/1/2021 7:25',1579,26,733),('1/1/2021 10:05',1579,26,1254),('1/1/2021 11:04',1579,26,1477),('1/1/2021 0:51',1583,26,66),('1/1/2021 14:06',1584,26,1936),('1/1/2021 13:02',1585,26,1757),('1/1/2021 14:09',1586,26,1944),('1/1/2021 3:50',1587,16,387),('1/1/2021 3:50',1587,16,388),('1/1/2021 6:23',1589,26,575),('1/1/2021 6:23',1589,26,579),('1/1/2021 9:38',1589,26,1176),('1/1/2021 9:57',1592,26,1233),('1/1/2021 8:58',1593,26,1047),('1/1/2021 9:13',1594,26,1102),('1/1/2021 10:30',1595,26,1363),('1/1/2021 11:27',1596,26,1547),('1/1/2021 3:59',1597,26,400),('1/1/2021 4:57',1598,26,459),('1/1/2021 2:57',1599,26,318),('1/1/2021 8:10',1600,26,852),('1/1/2021 1:11',1601,12,102),('1/1/2021 8:22',1602,26,891),('1/1/2021 8:14',1603,7,861),('1/1/2021 4:02',1604,26,404),('1/1/2021 11:03',1605,26,1469),('1/1/2021 7:12',1606,26,696),('1/1/2021 5:59',1607,26,512),('1/1/2021 13:45',1608,26,1872),('1/1/2021 2:03',1609,10,211),('1/1/2021 2:24',1610,26,254),('1/1/2021 13:52',1611,26,1892),('1/1/2021 11:01',1612,26,1463),('1/1/2021 13:32',1613,26,1843),('1/1/2021 6:03',1614,26,517),('1/1/2021 9:17',1615,26,1116),('1/1/2021 3:33',1616,26,368),('1/1/2021 10:37',1617,26,1381),('1/1/2021 11:41',1618,26,1579),('1/1/2021 12:35',1619,26,1686),('1/1/2021 8:37',1620,26,965),('1/1/2021 10:23',1621,7,1331),('1/1/2021 13:12',1622,26,1783),('1/1/2021 11:09',1623,1,1496),('1/1/2021 4:16',1624,26,421),('1/1/2021 12:35',1625,26,1684),('1/1/2021 8:57',1626,26,1042),('1/1/2021 14:17',1627,26,1969),('1/1/2021 10:28',1628,4,1347),('1/1/2021 9:10',1629,7,1088),('1/1/2021 8:03',1630,26,830),('1/1/2021 9:42',1631,26,1187),('1/1/2021 6:50',1632,26,640),('1/1/2021 14:10',1633,26,1952),('1/1/2021 4:21',1634,17,425),('1/1/2021 9:41',1635,26,1183),('1/1/2021 10:10',1635,26,1271),('1/1/2021 14:23',1637,26,1982),('1/1/2021 1:03',1638,26,83),('1/1/2021 4:25',1639,7,429),('1/1/2021 10:07',1640,26,1261),('1/1/2021 13:02',1641,26,1756),('1/1/2021 8:33',1642,26,949),('1/1/2021 10:13',1643,26,1296),('1/1/2021 8:30',1644,26,935),('1/1/2021 8:28',1645,26,926),('1/1/2021 4:47',1646,26,447),('1/1/2021 1:17',1647,7,118),('1/1/2021 7:44',1648,26,789),('1/1/2021 9:18',1649,26,1120),('1/1/2021 14:03',1650,26,1923),('1/1/2021 13:28',1651,10,1823),('1/1/2021 5:42',1652,26,498),('1/1/2021 4:37',1653,7,439),('1/1/2021 1:29',1654,25,147),('1/1/2021 11:47',1655,5,1592),('1/1/2021 13:08',1656,26,1774),('1/1/2021 12:40',1657,26,1698),('1/1/2021 10:53',1658,12,1443),('1/1/2021 10:53',1658,12,1444),('1/1/2021 8:35',1660,7,954),('1/1/2021 6:39',1661,26,612),('1/1/2021 9:42',1662,5,1185),('1/1/2021 5:00',1663,26,464),('1/1/2021 1:48',1664,26,185),('1/1/2021 13:05',1665,26,1766),('1/1/2021 10:46',1666,26,1421),('1/1/2021 8:22',1667,13,886),('1/1/2021 9:05',1668,26,1071),('1/1/2021 7:02',1669,26,675),('1/1/2021 1:07',1670,26,93),('1/1/2021 2:56',1671,26,316),('1/1/2021 13:26',1672,26,1816),('1/1/2021 11:14',1673,26,1509),('1/1/2021 1:17',1674,8,121),('1/1/2021 7:43',1675,22,785),('1/1/2021 1:07',1676,26,94),('1/1/2021 1:54',1677,26,195),('1/1/2021 1:38',1678,26,162),('1/1/2021 6:47',1679,26,634),('1/1/2021 13:33',1680,26,1847),('1/1/2021 8:11',1681,16,854),('1/1/2021 14:20',1682,26,1975),('1/1/2021 9:11',1683,26,1094),('1/1/2021 7:59',1684,26,818),('1/1/2021 12:37',1685,26,1692),('1/1/2021 6:04',1686,26,521),('1/1/2021 8:56',1687,3,1039),('1/1/2021 8:35',1688,26,956),('1/1/2021 10:50',1689,33,1431),('1/1/2021 14:20',1690,26,1976),('1/1/2021 2:25',1691,26,257),('1/1/2021 11:03',1692,26,1468),('1/1/2021 2:15',1693,1,237),('1/1/2021 10:13',1694,26,1295),('1/1/2021 13:00',1694,26,1747),('1/1/2021 0:44',1696,26,56),('1/1/2021 11:25',1697,26,1543),('1/1/2021 11:34',1698,26,1567),('1/1/2021 7:31',1699,26,751),('1/1/2021 10:46',1700,26,1419),('1/1/2021 7:11',1701,26,693),('1/1/2021 1:46',1702,26,179),('1/1/2021 14:10',1703,26,1950),('1/1/2021 10:28',1704,26,1353),('1/1/2021 13:06',1705,26,1768),('1/1/2021 9:21',1706,26,1131),('1/1/2021 10:12',1707,26,1285),('1/1/2021 12:37',1708,12,1693),('1/1/2021 10:28',1709,26,1350),('1/1/2021 11:21',1710,26,1536),('1/1/2021 10:13',1711,32,1289),('1/1/2021 6:34',1712,26,600),('1/1/2021 12:07',1713,26,1621),('1/1/2021 4:24',1714,26,427),('1/1/2021 13:34',1715,26,1850),('1/1/2021 10:17',1716,26,1310),('1/1/2021 1:41',1717,26,168),('1/1/2021 8:18',1718,26,873),('1/1/2021 0:50',1719,32,65),('1/1/2021 5:08',1720,26,473),('1/1/2021 9:00',1721,13,1053),('1/1/2021 5:06',1722,26,472),('1/1/2021 9:35',1723,9,1171),('1/1/2021 9:38',1723,9,1177),('1/1/2021 13:26',1725,26,1818),('1/1/2021 5:24',1726,26,488),('1/1/2021 7:36',1727,26,765),('1/1/2021 8:32',1728,12,941),('1/1/2021 11:54',1729,26,1605),('1/1/2021 12:33',1730,26,1679),('1/1/2021 11:04',1731,26,1475),('1/1/2021 2:44',1732,26,293),('1/1/2021 7:59',1732,26,819),('1/1/2021 8:33',1734,26,950),('1/1/2021 2:20',1735,26,250),('1/1/2021 8:51',1736,27,1018),('1/1/2021 1:14',1737,24,108),('1/1/2021 4:36',1738,26,437),('1/1/2021 13:52',1739,26,1897),('1/1/2021 13:52',1740,26,1895),('1/1/2021 12:53',1741,26,1727),('1/1/2021 0:41',1742,26,53),('1/1/2021 11:02',1743,26,1465),('1/1/2021 14:10',1744,26,1951),('1/1/2021 9:03',1745,26,1067),('1/1/2021 9:01',1746,7,1058),('1/1/2021 4:06',1747,26,408),('1/1/2021 5:14',1748,25,481),('1/1/2021 5:28',1749,26,490),('1/1/2021 12:45',1750,26,1709),('1/1/2021 1:56',1751,7,202),('1/1/2021 13:45',1752,26,1871),('1/1/2021 7:35',1753,26,763),('1/1/2021 8:53',1754,26,1025),('1/1/2021 13:59',1755,26,1914),('1/1/2021 1:19',1756,26,128),('1/1/2021 14:03',1757,26,1925),('1/1/2021 2:28',1758,26,265),('1/1/2021 1:07',1759,6,92),('1/1/2021 6:52',1760,26,646),('1/1/2021 4:15',1761,26,417),('1/1/2021 14:01',1762,26,1920),('1/1/2021 11:44',1763,26,1584),('1/1/2021 10:34',1764,26,1373),('1/1/2021 11:06',1765,26,1486),('1/1/2021 10:28',1766,32,1348),('1/1/2021 10:31',1767,26,1366),('1/1/2021 10:37',1767,26,1385),('1/1/2021 9:52',1769,26,1213),('1/1/2021 8:27',1770,16,917),('1/1/2021 12:15',1771,10,1637),('1/1/2021 8:00',1772,26,822),('1/1/2021 6:23',1773,26,576),('1/1/2021 9:21',1774,26,1130),('1/1/2021 7:17',1775,26,708),('1/1/2021 10:19',1776,26,1318),('1/1/2021 6:15',1777,26,552),('1/1/2021 10:24',1778,26,1333),('1/1/2021 11:20',1779,26,1531),('1/1/2021 7:19',1780,26,715),('1/1/2021 12:13',1781,26,1632),('1/1/2021 3:29',1782,26,363),('1/1/2021 0:35',1783,26,43),('1/1/2021 9:31',1784,26,1164),('1/1/2021 7:23',1785,26,728),('1/1/2021 10:28',1786,26,1352),('1/1/2021 1:04',1787,15,85),('1/1/2021 12:37',1788,26,1688),('1/1/2021 6:44',1789,26,626),('1/1/2021 9:29',1790,26,1158),('1/1/2021 12:20',1791,32,1645),('1/1/2021 0:01',1792,4,3),('1/1/2021 12:52',1793,26,1726),('1/1/2021 2:05',1794,26,222),('1/1/2021 8:09',1795,12,850),('1/1/2021 1:16',1796,19,115),('1/1/2021 1:58',1797,26,206),('1/1/2021 4:50',1798,26,449),('1/1/2021 4:55',1798,26,453),('1/1/2021 11:20',1800,26,1529),('1/1/2021 13:00',1801,16,1748),('1/1/2021 11:52',1802,26,1598),('1/1/2021 2:24',1803,22,255),('1/1/2021 8:05',1804,26,840),('1/1/2021 2:58',1805,26,321),('1/1/2021 7:45',1806,26,794),('1/1/2021 10:56',1807,24,1451),('1/1/2021 0:44',1808,26,57),('1/1/2021 11:37',1809,26,1570),('1/1/2021 12:02',1810,26,1613),('1/1/2021 2:08',1811,32,224),('1/1/2021 11:17',1812,32,1521),('1/1/2021 12:51',1813,26,1719),('1/1/2021 8:52',1814,26,1022),('1/1/2021 8:18',1815,26,872),('1/1/2021 13:32',1816,26,1840),('1/1/2021 10:39',1817,26,1396),('1/1/2021 9:24',1818,26,1141),('1/1/2021 12:58',1819,32,1742),('1/1/2021 11:32',1820,26,1559),('1/1/2021 12:43',1821,26,1705),('1/1/2021 9:20',1822,26,1126),('1/1/2021 12:32',1823,26,1675),('1/1/2021 12:25',1824,26,1656),('1/1/2021 10:20',1825,26,1320),('1/1/2021 4:38',1826,26,440),('1/1/2021 13:34',1827,26,1852),('1/1/2021 6:47',1828,26,633),('1/1/2021 7:01',1829,26,669),('1/1/2021 9:01',1830,26,1062),('1/1/2021 13:42',1831,10,1869),('1/1/2021 5:34',1832,26,493),('1/1/2021 5:36',1832,26,494),('1/1/2021 10:46',1834,26,1423),('1/1/2021 9:19',1835,26,1123),('1/1/2021 14:05',1836,26,1932),('1/1/2021 6:35',1837,26,603),('1/1/2021 0:37',1838,26,46),('1/1/2021 11:52',1839,26,1603),('1/1/2021 10:21',1840,26,1323),('1/1/2021 9:46',1841,7,1201),('1/1/2021 12:53',1842,26,1729),('1/1/2021 7:43',1843,26,787),('1/1/2021 9:57',1844,26,1234),('1/1/2021 8:03',1845,26,829),('1/1/2021 13:07',1846,26,1773),('1/1/2021 13:35',1847,26,1856),('1/1/2021 13:32',1848,26,1837),('1/1/2021 7:19',1849,26,717),('1/1/2021 1:19',1850,17,126),('1/1/2021 7:06',1851,26,680),('1/1/2021 11:39',1852,27,1573),('1/1/2021 6:20',1853,9,572),('1/1/2021 13:07',1854,26,1770),('1/1/2021 8:59',1855,26,1050),('1/1/2021 12:21',1856,26,1649),('1/1/2021 11:02',1857,26,1467),('1/1/2021 11:14',1858,14,1510),('1/1/2021 11:18',1859,26,1525),('1/1/2021 6:44',1860,26,625),('1/1/2021 8:45',1861,9,1001),('1/1/2021 12:34',1862,26,1682),('1/1/2021 3:27',1863,26,360),('1/1/2021 6:48',1864,26,636),('1/1/2021 4:18',1865,26,423),('1/1/2021 1:56',1866,26,204),('1/1/2021 13:01',1867,26,1751),('1/1/2021 7:55',1868,26,808),('1/1/2021 13:15',1869,26,1789),('1/1/2021 10:17',1870,26,1312),('1/1/2021 0:16',1871,33,24),('1/1/2021 10:22',1872,26,1327),('1/1/2021 14:13',1873,26,1961),('1/1/2021 13:47',1874,9,1875),('1/1/2021 8:27',1875,26,919),('1/1/2021 12:52',1876,7,1722),('1/1/2021 3:59',1877,26,399),('1/1/2021 6:19',1878,26,567),('1/1/2021 4:59',1879,26,461),('1/1/2021 4:08',1880,26,410),('1/1/2021 0:26',1881,26,36),('1/1/2021 2:17',1882,26,244),('1/1/2021 5:16',1883,26,482),('1/1/2021 6:57',1884,26,661),('1/1/2021 3:10',1885,26,329),('1/1/2021 12:39',1886,26,1695),('1/1/2021 11:28',1887,26,1549),('1/1/2021 1:02',1888,27,78),('1/1/2021 12:53',1889,26,1730),('1/1/2021 5:43',1890,26,501),('1/1/2021 8:28',1891,13,927),('1/1/2021 13:47',1892,26,1876),('1/1/2021 13:17',1893,26,1795),('1/1/2021 2:11',1894,17,229),('1/1/2021 2:35',1895,26,281),('1/1/2021 1:03',1896,26,82),('1/1/2021 7:45',1897,26,795),('1/1/2021 13:30',1898,26,1832),('1/1/2021 3:50',1899,26,389),('1/1/2021 13:59',1900,26,1913),('1/1/2021 8:36',1901,26,961),('1/1/2021 1:38',1902,26,163),('1/1/2021 6:30',1902,26,591),('1/1/2021 8:06',1902,26,842),('1/1/2021 8:45',1902,26,998),('1/1/2021 9:46',1902,26,1202),('1/1/2021 10:54',1902,26,1447),('1/1/2021 11:14',1902,26,1507),('1/1/2021 14:04',1902,26,1927),('1/1/2021 9:00',1910,26,1054),('1/1/2021 10:36',1911,26,1379),('1/1/2021 3:47',1912,32,385),('1/1/2021 4:27',1913,7,432),('1/1/2021 8:55',1913,25,1031),('1/1/2021 4:45',1913,26,445),('1/1/2021 7:24',1913,26,730),('1/1/2021 7:38',1913,26,775),('1/1/2021 8:56',1913,26,1038),('1/1/2021 9:18',1913,26,1121),('1/1/2021 12:54',1913,26,1736),('1/1/2021 13:22',1913,26,1810),('1/1/2021 9:01',1922,26,1063),('1/1/2021 10:41',1923,26,1403),('1/1/2021 1:37',1924,3,159),('1/1/2021 10:18',1924,3,1315),('1/1/2021 1:10',1924,4,100),('1/1/2021 1:41',1924,5,169),('1/1/2021 0:12',1924,7,18),('1/1/2021 1:13',1924,7,107),('1/1/2021 1:22',1924,7,136),('1/1/2021 1:44',1924,7,173),('1/1/2021 3:37',1924,7,373),('1/1/2021 8:05',1924,9,835),('1/1/2021 1:09',1924,11,96),('1/1/2021 8:45',1924,11,995),('1/1/2021 9:36',1924,12,1172),('1/1/2021 0:49',1924,13,62),('1/1/2021 1:00',1924,14,74),('1/1/2021 1:25',1924,17,140),('1/1/2021 0:22',1924,21,29),('1/1/2021 2:00',1924,22,207),('1/1/2021 2:50',1924,22,307),('1/1/2021 1:15',1924,25,114),('1/1/2021 8:10',1924,25,851),('1/1/2021 1:27',1924,27,142),('1/1/2021 0:36',1924,29,44),('1/1/2021 0:34',1924,32,41),('1/1/2021 2:35',1924,32,278),('1/1/2021 8:30',1925,1,932),('1/1/2021 8:53',1925,4,1024),('1/1/2021 9:01',1925,4,1061),('1/1/2021 8:17',1925,5,869),('1/1/2021 2:32',1925,6,273),('1/1/2021 3:05',1925,7,326),('1/1/2021 3:37',1925,7,375),('1/1/2021 8:39',1925,7,972),('1/1/2021 8:59',1925,7,1049),('1/1/2021 10:20',1925,7,1319),('1/1/2021 10:20',1925,7,1322),('1/1/2021 12:15',1925,7,1636),('1/1/2021 8:45',1925,8,996),('1/1/2021 7:37',1925,10,767),('1/1/2021 9:21',1925,10,1132),('1/1/2021 13:00',1925,10,1750),('1/1/2021 3:44',1925,11,381),('1/1/2021 8:30',1925,11,936),('1/1/2021 9:13',1925,11,1101),('1/1/2021 3:04',1925,12,325),('1/1/2021 4:26',1925,12,430),('1/1/2021 5:17',1925,12,484),('1/1/2021 10:46',1925,12,1422),('1/1/2021 11:34',1925,12,1566),('1/1/2021 12:12',1925,12,1630),('1/1/2021 7:19',1925,14,712),('1/1/2021 12:08',1925,14,1624),('1/1/2021 13:56',1925,14,1906),('1/1/2021 7:14',1925,16,700),('1/1/2021 10:42',1925,16,1407),('1/1/2021 13:21',1925,16,1803),('1/1/2021 13:00',1925,18,1749),('1/1/2021 2:48',1925,22,299),('1/1/2021 2:49',1925,22,302),('1/1/2021 8:25',1925,25,909),('1/1/2021 10:08',1925,25,1265),('1/1/2021 11:10',1925,25,1497),('1/1/2021 14:15',1925,28,1967),('1/1/2021 5:48',1925,32,504),('1/1/2021 6:07',1925,32,529),('1/1/2021 8:50',1925,32,1016),('1/1/2021 12:32',1925,32,1677),('1/1/2021 6:19',1925,33,566),('1/1/2021 7:38',1925,34,774);
/*!40000 ALTER TABLE `vehicle_locations` ENABLE KEYS */;
UNLOCK TABLES;

--
-- Table structure for table `vehicles`
--

DROP TABLE IF EXISTS `vehicles`;
/*!40101 SET @saved_cs_client     = @@character_set_client */;
/*!50503 SET character_set_client = utf8mb4 */;
CREATE TABLE `vehicles` (
  `vehicle_id` int NOT NULL,
  `vehicle_make` varchar(50) NOT NULL,
  PRIMARY KEY (`vehicle_id`)
) ENGINE=InnoDB DEFAULT CHARSET=utf8mb4 COLLATE=utf8mb4_0900_ai_ci;
/*!40101 SET character_set_client = @saved_cs_client */;

--
-- Dumping data for table `vehicles`
--

LOCK TABLES `vehicles` WRITE;
/*!40000 ALTER TABLE `vehicles` DISABLE KEYS */;
INSERT INTO `vehicles` VALUES (1,'ACUR'),(2,'ALFA'),(3,'AUDI'),(4,'BMW'),(5,'BUIC'),(6,'CADI'),(7,'CHEV'),(8,'CHRY'),(9,'DODG'),(10,'FORD'),(11,'GMC'),(12,'HOND'),(13,'HYUN'),(14,'INFI'),(15,'JAGU'),(16,'JEEP'),(17,'KIA'),(18,'LEXU'),(19,'LINC'),(20,'LNDR'),(21,'MAZD'),(22,'MERC'),(23,'MERZ'),(24,'MITS'),(25,'NISS'),(26,'OTHR'),(27,'PONT'),(28,'PORS'),(29,'SATR'),(30,'SUBA'),(31,'SUZI'),(32,'TOYT'),(33,'VOLK'),(34,'VOLV');
/*!40000 ALTER TABLE `vehicles` ENABLE KEYS */;
UNLOCK TABLES;

--
-- Table structure for table `violations`
--

DROP TABLE IF EXISTS `violations`;
/*!40101 SET @saved_cs_client     = @@character_set_client */;
/*!50503 SET character_set_client = utf8mb4 */;
CREATE TABLE `violations` (
  `violation_id` int NOT NULL AUTO_INCREMENT,
  `violation_code` varchar(50) NOT NULL,
  `violation_description` varchar(100) NOT NULL,
  PRIMARY KEY (`violation_id`)
) ENGINE=InnoDB AUTO_INCREMENT=26 DEFAULT CHARSET=utf8mb4 COLLATE=utf8mb4_0900_ai_ci;
/*!40101 SET character_set_client = @saved_cs_client */;

--
-- Dumping data for table `violations`
--

LOCK TABLES `violations` WRITE;
/*!40000 ALTER TABLE `violations` DISABLE KEYS */;
INSERT INTO `violations` VALUES (1,'9102020','RED LIGHT VIOLATION'),(2,'0964020A','WRONG DIRECTION OR 12\'\' FROM CURB'),(3,'0964050J','DISABLED PARKING ZONE'),(4,'0964080A','RUSH HOUR PARKING'),(5,'0964080B','NO STANDING/PARKING TIME RESTRICTED'),(6,'0964090E','RESIDENTIAL PERMIT PARKING'),(7,'0964100A','WITHIN 15\' OF FIRE HYDRANT'),(8,'0964100C','BLOCK ACCESS/ALLEY/DRIVEWAY/FIRELANE'),(9,'0964100G','STOP SIGN OR TRAFFIC SIGNAL'),(10,'0964110A1','DOUBLE PARKING/STANDING NON-CENTRAL BUSINESS DISTR'),(11,'0964110A2','DOUBLE PARKING/STANDING CENTRAL BUSINESS DISTRICT'),(12,'0964110C','PARK OR STAND ON CROSSWALK'),(13,'0964110D','PARK OR STAND ON SIDEWALK'),(14,'0964110E','PARK OR STAND ON PARKWAY'),(15,'0964125B','NO CITY STICKER VEHICLE UNDER/EQUAL TO 16,000 LBS.'),(16,'0964130A','PARK ALLEY'),(17,'0964130B','BLOCK ALLEY'),(18,'0964140B','PARK OR STAND IN BUS/TAXI/CARRIAGE STAND'),(19,'0964150B','PARKING/STANDING PROHIBITED ANYTIME'),(20,'0976160A','MISSING/NONCOMPLIANT FRONT AND/OR REAR PLATE'),(21,'0976160B','EXPIRED PLATE OR TEMPORARY REGISTRATION'),(22,'0980110B','HAZARDOUS DILAPIDATED VEHICLE'),(23,'9100045B2','SPEED WARNING'),(24,'9101020*','SPEED VIOLATION 6-10'),(25,'9101020**','SPEED VIOLATION 11+');
/*!40000 ALTER TABLE `violations` ENABLE KEYS */;
UNLOCK TABLES;
/*!40103 SET TIME_ZONE=@OLD_TIME_ZONE */;

/*!40101 SET SQL_MODE=@OLD_SQL_MODE */;
/*!40014 SET FOREIGN_KEY_CHECKS=@OLD_FOREIGN_KEY_CHECKS */;
/*!40014 SET UNIQUE_CHECKS=@OLD_UNIQUE_CHECKS */;
/*!40101 SET CHARACTER_SET_CLIENT=@OLD_CHARACTER_SET_CLIENT */;
/*!40101 SET CHARACTER_SET_RESULTS=@OLD_CHARACTER_SET_RESULTS */;
/*!40101 SET COLLATION_CONNECTION=@OLD_COLLATION_CONNECTION */;
/*!40111 SET SQL_NOTES=@OLD_SQL_NOTES */;

-- Dump completed on 2024-12-09 16:16:04
